/Users/BDH/Library/Mobile Documents/com~apple~CloudDocs/capstone/Capstone-Design/vpnext-news-backend/main.py:42: DeprecationWarning: 
        on_event is deprecated, use lifespan event handlers instead.

        Read more about it in the
        [FastAPI docs for Lifespan Events](https://fastapi.tiangolo.com/advanced/events/).
        
  @app.on_event("startup")
INFO:     Will watch for changes in these directories: ['/Users/BDH/Library/Mobile Documents/com~apple~CloudDocs/capstone/Capstone-Design/vpnext-news-backend']
INFO:     Uvicorn running on http://0.0.0.0:8000 (Press CTRL+C to quit)
INFO:     Started reloader process [19374] using WatchFiles
2026-05-20 19:46:27,422 INFO 1 change detected
INFO:     Started server process [19500]
INFO:     Waiting for application startup.
2026-05-20 19:46:28,204 INFO DB 초기화 완료
INFO:     Application startup complete.
2026-05-20 19:46:28,272 INFO 3 changes detected
2026-05-20 19:46:28,898 INFO 6 changes detected
2026-05-20 19:46:29,956 INFO 16 changes detected
2026-05-20 19:46:37,222 INFO 16 changes detected
2026-05-20 19:46:40,524 INFO 16 changes detected
WARNING:  WatchFiles detected changes in 'venv/lib/python3.12/site-packages/typing_extensions.py', 'venv/lib/python3.12/site-packages/sgmllib.py'. Reloading...
INFO:     Shutting down
INFO:     Waiting for application shutdown.
INFO:     Application shutdown complete.
INFO:     Finished server process [19500]
2026-05-20 19:46:41,012 INFO 4 changes detected
INFO:     Started server process [19543]
INFO:     Waiting for application startup.
2026-05-20 19:46:41,691 INFO DB 초기화 완료
INFO:     Application startup complete.
2026-05-20 19:46:43,823 INFO 16 changes detected
2026-05-20 19:46:46,379 INFO 16 changes detected
WARNING:  WatchFiles detected changes in 'venv/lib/python3.12/site-packages/watchfiles/__init__.py', 'venv/lib/python3.12/site-packages/watchfiles/filters.py', 'venv/lib/python3.12/site-packages/watchfiles/cli.py', 'venv/lib/python3.12/site-packages/watchfiles/version.py', 'venv/lib/python3.12/site-packages/watchfiles/run.py', 'venv/lib/python3.12/site-packages/watchfiles/__main__.py', 'venv/lib/python3.12/site-packages/watchfiles/main.py'. Reloading...
INFO:     Shutting down
INFO:     Waiting for application shutdown.
INFO:     Application shutdown complete.
INFO:     Finished server process [19543]
INFO:     Started server process [19584]
INFO:     Waiting for application startup.
2026-05-20 19:46:47,539 INFO DB 초기화 완료
INFO:     Application startup complete.
INFO:     127.0.0.1:50536 - "GET / HTTP/1.1" 404 Not Found
INFO:     127.0.0.1:50536 - "GET /favicon.ico HTTP/1.1" 404 Not Found
2026-05-20 19:46:49,610 INFO 16 changes detected
WARNING:  WatchFiles detected changes in 'venv/lib/python3.12/site-packages/annotated_doc/main.py', 'venv/lib/python3.12/site-packages/annotated_doc/__init__.py'. Reloading...
INFO:     Shutting down
INFO:     Waiting for application shutdown.
INFO:     Application shutdown complete.
INFO:     Finished server process [19584]
INFO:     Started server process [19601]
INFO:     Waiting for application startup.
2026-05-20 19:46:50,617 INFO DB 초기화 완료
INFO:     Application startup complete.
2026-05-20 19:46:51,210 INFO 16 changes detected
WARNING:  WatchFiles detected changes in 'venv/lib/python3.12/site-packages/uvloop/_testbase.py', 'venv/lib/python3.12/site-packages/multipart/__init__.py', 'venv/lib/python3.12/site-packages/multipart/exceptions.py', 'venv/lib/python3.12/site-packages/multipart/decoders.py', 'venv/lib/python3.12/site-packages/multipart/multipart.py'. Reloading...
INFO:     Shutting down
INFO:     Waiting for application shutdown.
INFO:     Application shutdown complete.
INFO:     Finished server process [19601]
INFO:     Started server process [19613]
INFO:     Waiting for application startup.
2026-05-20 19:46:52,227 INFO DB 초기화 완료
INFO:     Application startup complete.
2026-05-20 19:46:53,619 INFO 16 changes detected
WARNING:  WatchFiles detected changes in 'venv/lib/python3.12/site-packages/uvloop/_noop.py', 'venv/lib/python3.12/site-packages/uvloop/_version.py', 'venv/lib/python3.12/site-packages/uvloop/__init__.py'. Reloading...
INFO:     Shutting down
INFO:     Waiting for application shutdown.
INFO:     Application shutdown complete.
INFO:     Finished server process [19613]
INFO:     Started server process [19614]
INFO:     Waiting for application startup.
2026-05-20 19:46:54,686 INFO DB 초기화 완료
INFO:     Application startup complete.
2026-05-20 19:46:55,566 INFO 16 changes detected
2026-05-20 19:46:55,987 INFO 10 changes detected
WARNING:  WatchFiles detected changes in 'venv/lib/python3.12/site-packages/lxml/__init__.py', 'venv/lib/python3.12/site-packages/lxml/cssselect.py'. Reloading...
INFO:     Shutting down
INFO:     Waiting for application shutdown.
INFO:     Application shutdown complete.
INFO:     Finished server process [19614]
2026-05-20 19:46:56,897 INFO 6 changes detected
WARNING:  WatchFiles detected changes in 'venv/lib/python3.12/site-packages/lxml/doctestcompare.py'. Reloading...
INFO:     Started server process [19626]
INFO:     Waiting for application startup.
2026-05-20 19:46:57,789 INFO DB 초기화 완료
INFO:     Application startup complete.
2026-05-20 19:46:59,712 INFO 16 changes detected
WARNING:  WatchFiles detected changes in 'venv/lib/python3.12/site-packages/lxml/ElementInclude.py'. Reloading...
INFO:     Shutting down
INFO:     Waiting for application shutdown.
INFO:     Application shutdown complete.
INFO:     Finished server process [19626]
INFO:     Started server process [19629]
INFO:     Waiting for application startup.
2026-05-20 19:47:00,786 INFO DB 초기화 완료
INFO:     Application startup complete.
2026-05-20 19:47:01,193 INFO 16 changes detected
WARNING:  WatchFiles detected changes in 'venv/lib/python3.12/site-packages/lxml/builder.py', 'venv/lib/python3.12/site-packages/lxml/usedoctest.py'. Reloading...
INFO:     Shutting down
INFO:     Waiting for application shutdown.
INFO:     Application shutdown complete.
INFO:     Finished server process [19629]
2026-05-20 19:47:01,673 INFO 11 changes detected
INFO:     Started server process [19630]
INFO:     Waiting for application startup.
2026-05-20 19:47:02,284 INFO DB 초기화 완료
INFO:     Application startup complete.
2026-05-20 19:47:02,680 INFO 5 changes detected
WARNING:  WatchFiles detected changes in 'venv/lib/python3.12/site-packages/lxml/_elementpath.py'. Reloading...
INFO:     Shutting down
INFO:     Waiting for application shutdown.
INFO:     Application shutdown complete.
INFO:     Finished server process [19630]
2026-05-20 19:47:03,176 INFO 11 changes detected
WARNING:  WatchFiles detected changes in 'venv/lib/python3.12/site-packages/lxml/sax.py', 'venv/lib/python3.12/site-packages/lxml/pyclasslookup.py'. Reloading...
2026-05-20 19:47:03,550 INFO 5 changes detected
2026-05-20 19:47:03,911 INFO 11 changes detected
INFO:     Started server process [19639]
INFO:     Waiting for application startup.
2026-05-20 19:47:04,053 INFO DB 초기화 완료
INFO:     Application startup complete.
2026-05-20 19:47:04,707 INFO 5 changes detected
2026-05-20 19:47:06,402 INFO 16 changes detected
2026-05-20 19:47:08,471 INFO 16 changes detected
2026-05-20 19:47:10,923 INFO 14 changes detected
2026-05-20 19:47:11,284 INFO 2 changes detected
2026-05-20 19:47:12,065 INFO 1 change detected
WARNING:  WatchFiles detected changes in 'main.py'. Reloading...
INFO:     Shutting down
INFO:     Waiting for application shutdown.
INFO:     Application shutdown complete.
INFO:     Finished server process [19639]
INFO:     Started server process [19758]
INFO:     Waiting for application startup.
2026-05-20 19:47:13,109 INFO DB 초기화 완료
INFO:     Application startup complete.
2026-05-20 19:47:13,399 INFO 19 changes detected
2026-05-20 19:47:16,171 INFO 16 changes detected
WARNING:  WatchFiles detected changes in 'venv/lib/python3.12/site-packages/email_validator/rfc_constants.py', 'venv/lib/python3.12/site-packages/email_validator/__main__.py', 'venv/lib/python3.12/site-packages/email_validator/types.py', 'venv/lib/python3.12/site-packages/email_validator/deliverability.py', 'venv/lib/python3.12/site-packages/email_validator/__init__.py', 'venv/lib/python3.12/site-packages/email_validator/exceptions.py', 'venv/lib/python3.12/site-packages/email_validator/validate_email.py', 'venv/lib/python3.12/site-packages/email_validator/version.py', 'venv/lib/python3.12/site-packages/email_validator/syntax.py'. Reloading...
INFO:     Shutting down
INFO:     Waiting for application shutdown.
INFO:     Application shutdown complete.
INFO:     Finished server process [19758]
2026-05-20 19:47:16,717 INFO 16 changes detected
2026-05-20 19:47:17,238 INFO 16 changes detected
WARNING:  WatchFiles detected changes in 'venv/lib/python3.12/site-packages/mdurl/_parse.py', 'venv/lib/python3.12/site-packages/mdurl/__init__.py', 'venv/lib/python3.12/site-packages/mdurl/_format.py', 'venv/lib/python3.12/site-packages/mdurl/_decode.py', 'venv/lib/python3.12/site-packages/schedule/__init__.py', 'venv/lib/python3.12/site-packages/mdurl/_encode.py', 'venv/lib/python3.12/site-packages/mdurl/_url.py'. Reloading...
INFO:     Started server process [19773]
INFO:     Waiting for application startup.
2026-05-20 19:47:18,079 INFO DB 초기화 완료
INFO:     Application startup complete.
2026-05-20 19:47:19,113 INFO 16 changes detected
2026-05-20 19:47:19,585 INFO 47 changes detected
WARNING:  WatchFiles detected changes in 'venv/lib/python3.12/site-packages/cryptography/exceptions.py', 'venv/lib/python3.12/site-packages/cryptography/__about__.py', 'venv/lib/python3.12/site-packages/typer/colors.py', 'venv/lib/python3.12/site-packages/typer/params.py', 'venv/lib/python3.12/site-packages/markupsafe/__init__.py', 'venv/lib/python3.12/site-packages/typer/cli.py', 'venv/lib/python3.12/site-packages/cryptography/fernet.py', 'venv/lib/python3.12/site-packages/typer/main.py', 'venv/lib/python3.12/site-packages/typer/__main__.py', 'venv/lib/python3.12/site-packages/cryptography/utils.py', 'venv/lib/python3.12/site-packages/_yaml/__init__.py', 'venv/lib/python3.12/site-packages/certifi/__main__.py', 'venv/lib/python3.12/site-packages/typer/_typing.py', 'venv/lib/python3.12/site-packages/typer/__init__.py', 'venv/lib/python3.12/site-packages/typer/rich_utils.py', 'venv/lib/python3.12/site-packages/typer/_completion_shared.py', 'venv/lib/python3.12/site-packages/typer/_types.py', 'venv/lib/python3.12/site-packages/typer/testing.py', 'venv/lib/python3.12/site-packages/markupsafe/_native.py', 'venv/lib/python3.12/site-packages/typer/models.py', 'venv/lib/python3.12/site-packages/typer/utils.py', 'venv/lib/python3.12/site-packages/typer/_completion_classes.py', 'venv/lib/python3.12/site-packages/typer/core.py', 'venv/lib/python3.12/site-packages/cryptography/__init__.py', 'venv/lib/python3.12/site-packages/typer/completion.py'. Reloading...
INFO:     Shutting down
INFO:     Waiting for application shutdown.
INFO:     Application shutdown complete.
INFO:     Finished server process [19773]
INFO:     Started server process [19780]
INFO:     Waiting for application startup.
2026-05-20 19:47:20,570 INFO DB 초기화 완료
INFO:     Application startup complete.
2026-05-20 19:47:23,280 INFO 16 changes detected
WARNING:  WatchFiles detected changes in 'venv/lib/python3.12/site-packages/certifi/core.py'. Reloading...
INFO:     Shutting down
INFO:     Waiting for application shutdown.
INFO:     Application shutdown complete.
INFO:     Finished server process [19780]
2026-05-20 19:47:23,917 INFO 45 changes detected
WARNING:  WatchFiles detected changes in 'venv/lib/python3.12/site-packages/fastapi/applications.py', 'venv/lib/python3.12/site-packages/fastapi/types.py', 'venv/lib/python3.12/site-packages/python_multipart/decoders.py', 'venv/lib/python3.12/site-packages/idna/__init__.py', 'venv/lib/python3.12/site-packages/fastapi/templating.py', 'venv/lib/python3.12/site-packages/idna/compat.py', 'venv/lib/python3.12/site-packages/idna/uts46data.py', 'venv/lib/python3.12/site-packages/idna/intranges.py', 'venv/lib/python3.12/site-packages/idna/idnadata.py', 'venv/lib/python3.12/site-packages/fastapi/__init__.py', 'venv/lib/python3.12/site-packages/python_multipart/multipart.py', 'venv/lib/python3.12/site-packages/certifi/__init__.py', 'venv/lib/python3.12/site-packages/python_multipart/__init__.py', 'venv/lib/python3.12/site-packages/fastapi/exception_handlers.py', 'venv/lib/python3.12/site-packages/idna/core.py', 'venv/lib/python3.12/site-packages/python_multipart/exceptions.py', 'venv/lib/python3.12/site-packages/idna/package_data.py', 'venv/lib/python3.12/site-packages/idna/codec.py'. Reloading...
INFO:     Started server process [19794]
INFO:     Waiting for application startup.
2026-05-20 19:47:24,799 INFO DB 초기화 완료
INFO:     Application startup complete.
2026-05-20 19:47:25,039 INFO 4 changes detected
WARNING:  WatchFiles detected changes in 'venv/lib/python3.12/site-packages/fastapi/routing.py', 'venv/lib/python3.12/site-packages/fastapi/concurrency.py', 'venv/lib/python3.12/site-packages/fastapi/testclient.py', 'venv/lib/python3.12/site-packages/fastapi/exceptions.py'. Reloading...
INFO:     Shutting down
INFO:     Waiting for application shutdown.
INFO:     Application shutdown complete.
INFO:     Finished server process [19794]
INFO:     Started server process [19795]
INFO:     Waiting for application startup.
2026-05-20 19:47:26,086 INFO DB 초기화 완료
INFO:     Application startup complete.
2026-05-20 19:47:26,267 INFO 1 change detected
WARNING:  WatchFiles detected changes in 'venv/lib/python3.12/site-packages/fastapi/param_functions.py'. Reloading...
INFO:     Shutting down
INFO:     Waiting for application shutdown.
INFO:     Application shutdown complete.
INFO:     Finished server process [19795]
2026-05-20 19:47:26,764 INFO 2 changes detected
WARNING:  WatchFiles detected changes in 'venv/lib/python3.12/site-packages/fastapi/websockets.py', 'venv/lib/python3.12/site-packages/fastapi/staticfiles.py'. Reloading...
INFO:     Started server process [19801]
INFO:     Waiting for application startup.
2026-05-20 19:47:27,633 INFO DB 초기화 완료
INFO:     Application startup complete.
2026-05-20 19:47:29,166 INFO 1 change detected
WARNING:  WatchFiles detected changes in 'venv/lib/python3.12/site-packages/fastapi/responses.py'. Reloading...
INFO:     Shutting down
INFO:     Waiting for application shutdown.
INFO:     Application shutdown complete.
INFO:     Finished server process [19801]
2026-05-20 19:47:29,733 INFO 2 changes detected
WARNING:  WatchFiles detected changes in 'venv/lib/python3.12/site-packages/fastapi/requests.py', 'venv/lib/python3.12/site-packages/fastapi/background.py'. Reloading...
INFO:     Started server process [19810]
INFO:     Waiting for application startup.
2026-05-20 19:47:30,543 INFO DB 초기화 완료
INFO:     Application startup complete.
2026-05-20 19:47:36,261 INFO 1 change detected
2026-05-20 19:47:36,621 INFO 2 changes detected
WARNING:  WatchFiles detected changes in 'venv/lib/python3.12/site-packages/fastapi/params.py', 'venv/lib/python3.12/site-packages/fastapi/encoders.py'. Reloading...
INFO:     Shutting down
INFO:     Waiting for application shutdown.
INFO:     Application shutdown complete.
INFO:     Finished server process [19810]
2026-05-20 19:47:37,252 INFO 6 changes detected
WARNING:  WatchFiles detected changes in 'venv/lib/python3.12/site-packages/fastapi/datastructures.py', 'venv/lib/python3.12/site-packages/uvicorn/server.py', 'venv/lib/python3.12/site-packages/fastapi/logger.py', 'venv/lib/python3.12/site-packages/fastapi/_compat.py', 'venv/lib/python3.12/site-packages/fastapi/utils.py', 'venv/lib/python3.12/site-packages/uvicorn/_types.py'. Reloading...
2026-05-20 19:47:37,617 INFO 4 changes detected
WARNING:  WatchFiles detected changes in 'venv/lib/python3.12/site-packages/uvicorn/workers.py', 'venv/lib/python3.12/site-packages/uvicorn/_subprocess.py', 'venv/lib/python3.12/site-packages/uvicorn/__init__.py'. Reloading...
2026-05-20 19:47:38,037 INFO 4 changes detected
WARNING:  WatchFiles detected changes in 'venv/lib/python3.12/site-packages/uvicorn/config.py', 'venv/lib/python3.12/site-packages/uvicorn/logging.py', 'venv/lib/python3.12/site-packages/uvicorn/importer.py', 'venv/lib/python3.12/site-packages/uvicorn/__main__.py'. Reloading...
2026-05-20 19:47:38,405 INFO 4 changes detected
WARNING:  WatchFiles detected changes in 'venv/lib/python3.12/site-packages/uvicorn/main.py'. Reloading...
2026-05-20 19:47:38,767 INFO 4 changes detected
2026-05-20 19:47:39,177 INFO 4 changes detected
INFO:     Started server process [19820]
INFO:     Waiting for application startup.
2026-05-20 19:47:39,238 INFO DB 초기화 완료
INFO:     Application startup complete.
2026-05-20 19:47:39,533 INFO 18 changes detected
WARNING:  WatchFiles detected changes in 'venv/lib/python3.12/site-packages/pydantic_core/__init__.py'. Reloading...
INFO:     Shutting down
INFO:     Waiting for application shutdown.
INFO:     Application shutdown complete.
INFO:     Finished server process [19820]
2026-05-20 19:47:40,120 INFO 32 changes detected
WARNING:  WatchFiles detected changes in 'venv/lib/python3.12/site-packages/requests/certs.py', 'venv/lib/python3.12/site-packages/requests/exceptions.py', 'venv/lib/python3.12/site-packages/requests/help.py'. Reloading...
2026-05-20 19:47:40,484 INFO 9 changes detected
INFO:     Started server process [19823]
INFO:     Waiting for application startup.
2026-05-20 19:47:40,950 INFO DB 초기화 완료
INFO:     Application startup complete.
2026-05-20 19:47:40,956 INFO 16 changes detected
WARNING:  WatchFiles detected changes in 'venv/lib/python3.12/site-packages/requests/__init__.py', 'venv/lib/python3.12/site-packages/requests/__version__.py', 'venv/lib/python3.12/site-packages/requests/packages.py', 'venv/lib/python3.12/site-packages/requests/structures.py', 'venv/lib/python3.12/site-packages/requests/status_codes.py', 'venv/lib/python3.12/site-packages/requests/hooks.py', 'venv/lib/python3.12/site-packages/requests/cookies.py', 'venv/lib/python3.12/site-packages/requests/utils.py', 'venv/lib/python3.12/site-packages/requests/models.py', 'venv/lib/python3.12/site-packages/requests/compat.py', 'venv/lib/python3.12/site-packages/requests/adapters.py', 'venv/lib/python3.12/site-packages/requests/api.py', 'venv/lib/python3.12/site-packages/requests/auth.py', 'venv/lib/python3.12/site-packages/requests/sessions.py', 'venv/lib/python3.12/site-packages/requests/_internal_utils.py'. Reloading...
INFO:     Shutting down
INFO:     Waiting for application shutdown.
INFO:     Application shutdown complete.
INFO:     Finished server process [19823]
2026-05-20 19:47:41,522 INFO 2 changes detected
INFO:     Started server process [19825]
INFO:     Waiting for application startup.
2026-05-20 19:47:42,038 INFO DB 초기화 완료
INFO:     Application startup complete.
2026-05-20 19:47:43,011 INFO 15 changes detected
WARNING:  WatchFiles detected changes in 'venv/lib/python3.12/site-packages/markdown_it/utils.py', 'venv/lib/python3.12/site-packages/markdown_it/parser_block.py', 'venv/lib/python3.12/site-packages/markdown_it/__init__.py', 'venv/lib/python3.12/site-packages/markdown_it/parser_core.py', 'venv/lib/python3.12/site-packages/pydantic_core/core_schema.py', 'venv/lib/python3.12/site-packages/markdown_it/_compat.py', 'venv/lib/python3.12/site-packages/markdown_it/parser_inline.py'. Reloading...
INFO:     Shutting down
INFO:     Waiting for application shutdown.
INFO:     Application shutdown complete.
INFO:     Finished server process [19825]
2026-05-20 19:47:43,529 INFO 20 changes detected
WARNING:  WatchFiles detected changes in 'venv/lib/python3.12/site-packages/markdown_it/tree.py', 'venv/lib/python3.12/site-packages/markdown_it/ruler.py', 'venv/lib/python3.12/site-packages/markdown_it/main.py', 'venv/lib/python3.12/site-packages/markdown_it/_punycode.py', 'venv/lib/python3.12/site-packages/markdown_it/renderer.py', 'venv/lib/python3.12/site-packages/markdown_it/token.py'. Reloading...
2026-05-20 19:47:43,890 INFO 16 changes detected
WARNING:  WatchFiles detected changes in 'venv/lib/python3.12/site-packages/starlette/requests.py', 'venv/lib/python3.12/site-packages/starlette/datastructures.py', 'venv/lib/python3.12/site-packages/starlette/exceptions.py'. Reloading...
2026-05-20 19:47:44,255 INFO 1 change detected
WARNING:  WatchFiles detected changes in 'venv/lib/python3.12/site-packages/starlette/types.py'. Reloading...
INFO:     Started server process [19923]
INFO:     Waiting for application startup.
2026-05-20 19:47:45,064 INFO DB 초기화 완료
INFO:     Application startup complete.
2026-05-20 19:47:46,668 INFO 16 changes detected
WARNING:  WatchFiles detected changes in 'venv/lib/python3.12/site-packages/starlette/applications.py', 'venv/lib/python3.12/site-packages/starlette/convertors.py', 'venv/lib/python3.12/site-packages/starlette/routing.py', 'venv/lib/python3.12/site-packages/starlette/__init__.py', 'venv/lib/python3.12/site-packages/starlette/concurrency.py', 'venv/lib/python3.12/site-packages/starlette/status.py', 'venv/lib/python3.12/site-packages/starlette/_exception_handler.py', 'venv/lib/python3.12/site-packages/starlette/_utils.py', 'venv/lib/python3.12/site-packages/starlette/staticfiles.py', 'venv/lib/python3.12/site-packages/starlette/testclient.py', 'venv/lib/python3.12/site-packages/starlette/formparsers.py', 'venv/lib/python3.12/site-packages/starlette/templating.py', 'venv/lib/python3.12/site-packages/starlette/_compat.py', 'venv/lib/python3.12/site-packages/starlette/config.py', 'venv/lib/python3.12/site-packages/starlette/authentication.py'. Reloading...
INFO:     Shutting down
INFO:     Waiting for application shutdown.
INFO:     Application shutdown complete.
INFO:     Finished server process [19923]
2026-05-20 19:47:47,157 INFO 32 changes detected
WARNING:  WatchFiles detected changes in 'venv/lib/python3.12/site-packages/charset_normalizer/cd.py', 'venv/lib/python3.12/site-packages/starlette/schemas.py', 'venv/lib/python3.12/site-packages/charset_normalizer/version.py', 'venv/lib/python3.12/site-packages/starlette/responses.py', 'venv/lib/python3.12/site-packages/charset_normalizer/__main__.py', 'venv/lib/python3.12/site-packages/starlette/websockets.py', 'venv/lib/python3.12/site-packages/charset_normalizer/api.py', 'venv/lib/python3.12/site-packages/charset_normalizer/constant.py', 'venv/lib/python3.12/site-packages/charset_normalizer/md.py', 'venv/lib/python3.12/site-packages/charset_normalizer/legacy.py', 'venv/lib/python3.12/site-packages/starlette/endpoints.py', 'venv/lib/python3.12/site-packages/charset_normalizer/models.py', 'venv/lib/python3.12/site-packages/charset_normalizer/__init__.py', 'venv/lib/python3.12/site-packages/charset_normalizer/utils.py', 'venv/lib/python3.12/site-packages/starlette/background.py'. Reloading...
2026-05-20 19:47:47,578 INFO 20 changes detected
2026-05-20 19:47:47,941 INFO 13 changes detected
INFO:     Started server process [19933]
INFO:     Waiting for application startup.
2026-05-20 19:47:48,032 INFO DB 초기화 완료
INFO:     Application startup complete.
2026-05-20 19:47:49,431 INFO 16 changes detected
WARNING:  WatchFiles detected changes in 'venv/lib/python3.12/site-packages/pip/__init__.py', 'venv/lib/python3.12/site-packages/pip/__pip-runner__.py', 'venv/lib/python3.12/site-packages/pip/__main__.py'. Reloading...
INFO:     Shutting down
INFO:     Waiting for application shutdown.
INFO:     Application shutdown complete.
INFO:     Finished server process [19933]
2026-05-20 19:47:49,936 INFO 14 changes detected
INFO:     Started server process [19940]
INFO:     Waiting for application startup.
2026-05-20 19:47:50,388 INFO DB 초기화 완료
INFO:     Application startup complete.
2026-05-20 19:47:50,780 INFO 1 change detected
2026-05-20 19:47:51,569 INFO 16 changes detected
WARNING:  WatchFiles detected changes in 'venv/lib/python3.12/site-packages/pyasn1/error.py', 'venv/lib/python3.12/site-packages/pyasn1/__init__.py', 'venv/lib/python3.12/site-packages/pyasn1/debug.py'. Reloading...
INFO:     Shutting down
INFO:     Waiting for application shutdown.
INFO:     Application shutdown complete.
INFO:     Finished server process [19940]
INFO:     Started server process [19949]
INFO:     Waiting for application startup.
2026-05-20 19:47:52,574 INFO DB 초기화 완료
INFO:     Application startup complete.
2026-05-20 19:47:54,805 INFO 1 change detected
2026-05-20 19:47:55,166 INFO 15 changes detected
WARNING:  WatchFiles detected changes in 'venv/lib/python3.12/site-packages/anyio/lowlevel.py', 'venv/lib/python3.12/site-packages/anyio/to_process.py', 'venv/lib/python3.12/site-packages/anyio/from_thread.py', 'venv/lib/python3.12/site-packages/anyio/functools.py', 'venv/lib/python3.12/site-packages/anyio/__init__.py', 'venv/lib/python3.12/site-packages/anyio/pytest_plugin.py', 'venv/lib/python3.12/site-packages/anyio/to_thread.py'. Reloading...
INFO:     Shutting down
INFO:     Waiting for application shutdown.
INFO:     Application shutdown complete.
INFO:     Finished server process [19949]
2026-05-20 19:47:55,797 INFO 13 changes detected
WARNING:  WatchFiles detected changes in 'venv/lib/python3.12/site-packages/anyio/to_interpreter.py'. Reloading...
2026-05-20 19:47:56,274 INFO 9 changes detected
WARNING:  WatchFiles detected changes in 'venv/lib/python3.12/site-packages/jinja2/compiler.py', 'venv/lib/python3.12/site-packages/jinja2/exceptions.py', 'venv/lib/python3.12/site-packages/jinja2/visitor.py', 'venv/lib/python3.12/site-packages/jinja2/defaults.py', 'venv/lib/python3.12/site-packages/jinja2/utils.py', 'venv/lib/python3.12/site-packages/jinja2/runtime.py', 'venv/lib/python3.12/site-packages/jinja2/environment.py', 'venv/lib/python3.12/site-packages/jinja2/idtracking.py', 'venv/lib/python3.12/site-packages/jinja2/optimizer.py'. Reloading...
2026-05-20 19:47:56,804 INFO 10 changes detected
WARNING:  WatchFiles detected changes in 'venv/lib/python3.12/site-packages/jinja2/filters.py', 'venv/lib/python3.12/site-packages/jinja2/async_utils.py', 'venv/lib/python3.12/site-packages/jinja2/ext.py', 'venv/lib/python3.12/site-packages/jinja2/meta.py', 'venv/lib/python3.12/site-packages/jinja2/tests.py'. Reloading...
2026-05-20 19:47:57,167 INFO 10 changes detected
2026-05-20 19:47:57,525 INFO 6 changes detected
INFO:     Started server process [19959]
INFO:     Waiting for application startup.
2026-05-20 19:47:57,657 INFO DB 초기화 완료
INFO:     Application startup complete.
2026-05-20 19:47:59,860 INFO 16 changes detected
WARNING:  WatchFiles detected changes in 'venv/lib/python3.12/site-packages/jinja2/nodes.py', 'venv/lib/python3.12/site-packages/jinja2/bccache.py'. Reloading...
INFO:     Shutting down
INFO:     Waiting for application shutdown.
INFO:     Application shutdown complete.
INFO:     Finished server process [19959]
2026-05-20 19:48:00,364 INFO 32 changes detected
WARNING:  WatchFiles detected changes in 'venv/lib/python3.12/site-packages/jinja2/lexer.py', 'venv/lib/python3.12/site-packages/jinja2/_identifier.py', 'venv/lib/python3.12/site-packages/cffi/model.py', 'venv/lib/python3.12/site-packages/cffi/setuptools_ext.py', 'venv/lib/python3.12/site-packages/cffi/ffiplatform.py', 'venv/lib/python3.12/site-packages/jinja2/__init__.py', 'venv/lib/python3.12/site-packages/jinja2/debug.py', 'venv/lib/python3.12/site-packages/jinja2/loaders.py', 'venv/lib/python3.12/site-packages/sniffio/__init__.py', 'venv/lib/python3.12/site-packages/jinja2/sandbox.py', 'venv/lib/python3.12/site-packages/jinja2/parser.py', 'venv/lib/python3.12/site-packages/cffi/error.py', 'venv/lib/python3.12/site-packages/cffi/api.py', 'venv/lib/python3.12/site-packages/sniffio/_impl.py', 'venv/lib/python3.12/site-packages/cffi/recompiler.py', 'venv/lib/python3.12/site-packages/jinja2/nativetypes.py', 'venv/lib/python3.12/site-packages/cffi/verifier.py', 'venv/lib/python3.12/site-packages/jinja2/constants.py', 'venv/lib/python3.12/site-packages/sniffio/_version.py', 'venv/lib/python3.12/site-packages/cffi/_imp_emulation.py', 'venv/lib/python3.12/site-packages/cffi/lock.py', 'venv/lib/python3.12/site-packages/cffi/pkgconfig.py', 'venv/lib/python3.12/site-packages/cffi/commontypes.py', 'venv/lib/python3.12/site-packages/cffi/vengine_cpy.py', 'venv/lib/python3.12/site-packages/cffi/__init__.py', 'venv/lib/python3.12/site-packages/cffi/vengine_gen.py', 'venv/lib/python3.12/site-packages/cffi/backend_ctypes.py'. Reloading...
2026-05-20 19:48:00,734 INFO 16 changes detected
WARNING:  WatchFiles detected changes in 'venv/lib/python3.12/site-packages/rich_toolkit/menu.py', 'venv/lib/python3.12/site-packages/rich_toolkit/_input_handler.py', 'venv/lib/python3.12/site-packages/rich_toolkit/__init__.py', 'venv/lib/python3.12/site-packages/rich_toolkit/element.py', 'venv/lib/python3.12/site-packages/cffi/cparser.py', 'venv/lib/python3.12/site-packages/cffi/cffi_opcode.py', 'venv/lib/python3.12/site-packages/cffi/_shimmed_dist_utils.py'. Reloading...
2026-05-20 19:48:01,372 INFO 69 changes detected
WARNING:  WatchFiles detected changes in 'venv/lib/python3.12/site-packages/rich_toolkit/button.py', 'venv/lib/python3.12/site-packages/rich_toolkit/input.py', 'venv/lib/python3.12/site-packages/fastapi_cli/discover.py', 'venv/lib/python3.12/site-packages/rich_toolkit/toolkit.py', 'venv/lib/python3.12/site-packages/rich_toolkit/spacer.py', 'venv/lib/python3.12/site-packages/rich_toolkit/form.py', 'venv/lib/python3.12/site-packages/fastapi_cli/cli.py', 'venv/lib/python3.12/site-packages/h11/_version.py', 'venv/lib/python3.12/site-packages/rich_toolkit/_getchar.py', 'venv/lib/python3.12/site-packages/h11/_readers.py', 'venv/lib/python3.12/site-packages/fastapi_cli/exceptions.py', 'venv/lib/python3.12/site-packages/fastapi_cli/config.py', 'venv/lib/python3.12/site-packages/rich_toolkit/_rich_components.py', 'venv/lib/python3.12/site-packages/rich_toolkit/container.py', 'venv/lib/python3.12/site-packages/rich_toolkit/progress.py', 'venv/lib/python3.12/site-packages/fastapi_cli/logging.py', 'venv/lib/python3.12/site-packages/fastapi_cli/__main__.py', 'venv/lib/python3.12/site-packages/h11/_state.py', 'venv/lib/python3.12/site-packages/fastapi_cli/__init__.py', 'venv/lib/python3.12/site-packages/h11/_abnf.py', 'venv/lib/python3.12/site-packages/h11/_receivebuffer.py', 'venv/lib/python3.12/site-packages/h11/__init__.py'. Reloading...
INFO:     Started server process [19973]
INFO:     Waiting for application startup.
2026-05-20 19:48:02,260 INFO DB 초기화 완료
INFO:     Application startup complete.
2026-05-20 19:48:02,496 INFO 10 changes detected
2026-05-20 19:48:04,737 INFO 1 change detected
WARNING:  WatchFiles detected changes in 'venv/lib/python3.12/site-packages/h11/_util.py'. Reloading...
INFO:     Shutting down
INFO:     Waiting for application shutdown.
INFO:     Application shutdown complete.
INFO:     Finished server process [19973]
2026-05-20 19:48:05,378 INFO 2 changes detected
WARNING:  WatchFiles detected changes in 'venv/lib/python3.12/site-packages/h11/_connection.py', 'venv/lib/python3.12/site-packages/h11/_headers.py'. Reloading...
2026-05-20 19:48:05,745 INFO 5 changes detected
WARNING:  WatchFiles detected changes in 'venv/lib/python3.12/site-packages/h11/_events.py', 'venv/lib/python3.12/site-packages/websockets/headers.py', 'venv/lib/python3.12/site-packages/websockets/__init__.py', 'venv/lib/python3.12/site-packages/websockets/datastructures.py'. Reloading...
2026-05-20 19:48:06,271 INFO 36 changes detected
WARNING:  WatchFiles detected changes in 'venv/lib/python3.12/site-packages/httpcore/_trace.py', 'venv/lib/python3.12/site-packages/websockets/imports.py', 'venv/lib/python3.12/site-packages/httpcore/_synchronization.py', 'venv/lib/python3.12/site-packages/httptools/__init__.py', 'venv/lib/python3.12/site-packages/websockets/uri.py', 'venv/lib/python3.12/site-packages/websockets/streams.py', 'venv/lib/python3.12/site-packages/websockets/http.py', 'venv/lib/python3.12/site-packages/websockets/utils.py', 'venv/lib/python3.12/site-packages/httpcore/_exceptions.py', 'venv/lib/python3.12/site-packages/httpcore/_models.py', 'venv/lib/python3.12/site-packages/websockets/frames.py', 'venv/lib/python3.12/site-packages/websockets/http11.py', 'venv/lib/python3.12/site-packages/websockets/client.py', 'venv/lib/python3.12/site-packages/httpcore/_utils.py', 'venv/lib/python3.12/site-packages/websockets/auth.py', 'venv/lib/python3.12/site-packages/websockets/server.py', 'venv/lib/python3.12/site-packages/websockets/protocol.py', 'venv/lib/python3.12/site-packages/websockets/exceptions.py', 'venv/lib/python3.12/site-packages/httpcore/_api.py', 'venv/lib/python3.12/site-packages/websockets/version.py', 'venv/lib/python3.12/site-packages/websockets/__main__.py', 'venv/lib/python3.12/site-packages/httpcore/__init__.py', 'venv/lib/python3.12/site-packages/websockets/cli.py', 'venv/lib/python3.12/site-packages/websockets/typing.py', 'venv/lib/python3.12/site-packages/httpcore/_ssl.py', 'venv/lib/python3.12/site-packages/websockets/connection.py', 'venv/lib/python3.12/site-packages/websockets/proxy.py'. Reloading...
2026-05-20 19:48:06,748 INFO 19 changes detected
WARNING:  WatchFiles detected changes in 'venv/lib/python3.12/site-packages/feedparser/exceptions.py', 'venv/lib/python3.12/site-packages/feedparser/sgml.py', 'venv/lib/python3.12/site-packages/feedparser/encodings.py', 'venv/lib/python3.12/site-packages/httptools/_version.py', 'venv/lib/python3.12/site-packages/feedparser/html.py', 'venv/lib/python3.12/site-packages/feedparser/util.py', 'venv/lib/python3.12/site-packages/feedparser/sanitizer.py', 'venv/lib/python3.12/site-packages/feedparser/http.py', 'venv/lib/python3.12/site-packages/annotated_types/__init__.py', 'venv/lib/python3.12/site-packages/feedparser/mixin.py', 'venv/lib/python3.12/site-packages/feedparser/urls.py', 'venv/lib/python3.12/site-packages/annotated_types/test_cases.py', 'venv/lib/python3.12/site-packages/feedparser/api.py', 'venv/lib/python3.12/site-packages/feedparser/__init__.py'. Reloading...
2026-05-20 19:48:07,112 INFO 9 changes detected
2026-05-20 19:48:07,642 INFO 13 changes detected
INFO:     Started server process [20137]
INFO:     Waiting for application startup.
2026-05-20 19:48:07,711 INFO DB 초기화 완료
INFO:     Application startup complete.
2026-05-20 19:48:09,183 INFO 10 changes detected
WARNING:  WatchFiles detected changes in 'venv/lib/python3.12/site-packages/pygments/unistring.py'. Reloading...
INFO:     Shutting down
INFO:     Waiting for application shutdown.
INFO:     Application shutdown complete.
INFO:     Finished server process [20137]
INFO:     Started server process [20265]
INFO:     Waiting for application startup.
2026-05-20 19:48:10,168 INFO DB 초기화 완료
INFO:     Application startup complete.
2026-05-20 19:48:10,307 INFO 6 changes detected
WARNING:  WatchFiles detected changes in 'venv/lib/python3.12/site-packages/pygments/lexer.py', 'venv/lib/python3.12/site-packages/pygments/sphinxext.py', 'venv/lib/python3.12/site-packages/pygments/__init__.py', 'venv/lib/python3.12/site-packages/pygments/cmdline.py', 'venv/lib/python3.12/site-packages/h11/_writers.py', 'venv/lib/python3.12/site-packages/pygments/filter.py'. Reloading...
INFO:     Shutting down
INFO:     Waiting for application shutdown.
INFO:     Application shutdown complete.
INFO:     Finished server process [20265]
2026-05-20 19:48:10,846 INFO 16 changes detected
WARNING:  WatchFiles detected changes in 'venv/lib/python3.12/site-packages/pygments/style.py', 'venv/lib/python3.12/site-packages/distro/distro.py', 'venv/lib/python3.12/site-packages/pygments/plugin.py', 'venv/lib/python3.12/site-packages/httpx/_models.py', 'venv/lib/python3.12/site-packages/pygments/regexopt.py', 'venv/lib/python3.12/site-packages/distro/__init__.py', 'venv/lib/python3.12/site-packages/pygments/console.py', 'venv/lib/python3.12/site-packages/pygments/token.py', 'venv/lib/python3.12/site-packages/pygments/util.py', 'venv/lib/python3.12/site-packages/pygments/modeline.py', 'venv/lib/python3.12/site-packages/pygments/__main__.py', 'venv/lib/python3.12/site-packages/pygments/formatter.py', 'venv/lib/python3.12/site-packages/distro/__main__.py', 'venv/lib/python3.12/site-packages/httpx/__version__.py', 'venv/lib/python3.12/site-packages/pygments/scanner.py'. Reloading...
2026-05-20 19:48:11,211 INFO 8 changes detected
WARNING:  WatchFiles detected changes in 'venv/lib/python3.12/site-packages/httpx/_auth.py', 'venv/lib/python3.12/site-packages/httpx/_main.py', 'venv/lib/python3.12/site-packages/httpx/__init__.py', 'venv/lib/python3.12/site-packages/httpx/_api.py', 'venv/lib/python3.12/site-packages/httpx/_decoders.py', 'venv/lib/python3.12/site-packages/httpx/_content.py', 'venv/lib/python3.12/site-packages/httpx/_exceptions.py', 'venv/lib/python3.12/site-packages/httpx/_types.py'. Reloading...
2026-05-20 19:48:11,576 INFO 10 changes detected
WARNING:  WatchFiles detected changes in 'venv/lib/python3.12/site-packages/httpx/_status_codes.py', 'venv/lib/python3.12/site-packages/httpx/_utils.py', 'venv/lib/python3.12/site-packages/httpx/_client.py', 'venv/lib/python3.12/site-packages/httpx/_urlparse.py', 'venv/lib/python3.12/site-packages/httpx/_urls.py', 'venv/lib/python3.12/site-packages/httpx/_config.py'. Reloading...
INFO:     Started server process [20274]
INFO:     Waiting for application startup.
2026-05-20 19:48:12,416 INFO DB 초기화 완료
INFO:     Application startup complete.
2026-05-20 19:48:12,854 INFO 1 change detected
2026-05-20 19:48:14,940 INFO 16 changes detected
2026-05-20 19:48:15,320 INFO 6 changes detected
2026-05-20 19:48:15,791 INFO 16 changes detected
WARNING:  WatchFiles detected changes in 'venv/lib/python3.12/site-packages/urllib3/_collections.py', 'venv/lib/python3.12/site-packages/httpx/_multipart.py', 'venv/lib/python3.12/site-packages/urllib3/fields.py', 'venv/lib/python3.12/site-packages/urllib3/poolmanager.py', 'venv/lib/python3.12/site-packages/urllib3/_base_connection.py', 'venv/lib/python3.12/site-packages/urllib3/_version.py', 'venv/lib/python3.12/site-packages/urllib3/response.py', 'venv/lib/python3.12/site-packages/urllib3/connection.py', 'venv/lib/python3.12/site-packages/urllib3/exceptions.py', 'venv/lib/python3.12/site-packages/urllib3/__init__.py', 'venv/lib/python3.12/site-packages/urllib3/_request_methods.py'. Reloading...
INFO:     Shutting down
INFO:     Waiting for application shutdown.
INFO:     Application shutdown complete.
INFO:     Finished server process [20274]
2026-05-20 19:48:16,550 INFO 16 changes detected
WARNING:  WatchFiles detected changes in 'venv/lib/python3.12/site-packages/urllib3/connectionpool.py', 'venv/lib/python3.12/site-packages/urllib3/filepost.py'. Reloading...
INFO:     Started server process [20420]
INFO:     Waiting for application startup.
2026-05-20 19:48:17,390 INFO DB 초기화 완료
INFO:     Application startup complete.
2026-05-20 19:48:17,497 INFO 1 change detected
2026-05-20 19:48:18,075 INFO 9 changes detected
WARNING:  WatchFiles detected changes in 'venv/lib/python3.12/site-packages/rich/diagnose.py', 'venv/lib/python3.12/site-packages/rich/_inspect.py', 'venv/lib/python3.12/site-packages/rich/abc.py', 'venv/lib/python3.12/site-packages/rich/_extension.py', 'venv/lib/python3.12/site-packages/rich/_timer.py', 'venv/lib/python3.12/site-packages/rich/palette.py', 'venv/lib/python3.12/site-packages/rich/bar.py'. Reloading...
INFO:     Shutting down
INFO:     Waiting for application shutdown.
INFO:     Application shutdown complete.
INFO:     Finished server process [20420]
INFO:     Started server process [20552]
INFO:     Waiting for application startup.
2026-05-20 19:48:19,006 INFO DB 초기화 완료
INFO:     Application startup complete.
2026-05-20 19:48:19,143 INFO 7 changes detected
WARNING:  WatchFiles detected changes in 'venv/lib/python3.12/site-packages/rich/color.py', 'venv/lib/python3.12/site-packages/rich/_loop.py', 'venv/lib/python3.12/site-packages/rich/progress.py', 'venv/lib/python3.12/site-packages/rich/columns.py', 'venv/lib/python3.12/site-packages/rich/panel.py', 'venv/lib/python3.12/site-packages/rich/box.py', 'venv/lib/python3.12/site-packages/rich/live.py'. Reloading...
INFO:     Shutting down
INFO:     Waiting for application shutdown.
INFO:     Application shutdown complete.
INFO:     Finished server process [20552]
INFO:     Started server process [20557]
INFO:     Waiting for application startup.
2026-05-20 19:48:20,132 INFO DB 초기화 완료
INFO:     Application startup complete.
2026-05-20 19:48:20,477 INFO 12 changes detected
WARNING:  WatchFiles detected changes in 'venv/lib/python3.12/site-packages/rich/live_render.py', 'venv/lib/python3.12/site-packages/rich/_spinners.py', 'venv/lib/python3.12/site-packages/rich/protocol.py', 'venv/lib/python3.12/site-packages/rich/_emoji_replace.py', 'venv/lib/python3.12/site-packages/rich/filesize.py', 'venv/lib/python3.12/site-packages/rich/themes.py', 'venv/lib/python3.12/site-packages/rich/_win32_console.py', 'venv/lib/python3.12/site-packages/rich/_log_render.py', 'venv/lib/python3.12/site-packages/rich/text.py', 'venv/lib/python3.12/site-packages/rich/align.py', 'venv/lib/python3.12/site-packages/rich/control.py'. Reloading...
INFO:     Shutting down
INFO:     Waiting for application shutdown.
INFO:     Application shutdown complete.
INFO:     Finished server process [20557]
2026-05-20 19:48:21,021 INFO 4 changes detected
WARNING:  WatchFiles detected changes in 'venv/lib/python3.12/site-packages/rich/errors.py', 'venv/lib/python3.12/site-packages/rich/pager.py', 'venv/lib/python3.12/site-packages/rich/_palettes.py', 'venv/lib/python3.12/site-packages/rich/layout.py'. Reloading...
INFO:     Started server process [20561]
INFO:     Waiting for application startup.
2026-05-20 19:48:21,907 INFO DB 초기화 완료
INFO:     Application startup complete.
2026-05-20 19:48:22,404 INFO 16 changes detected
WARNING:  WatchFiles detected changes in 'venv/lib/python3.12/site-packages/rich/prompt.py', 'venv/lib/python3.12/site-packages/rich/__main__.py', 'venv/lib/python3.12/site-packages/rich/terminal_theme.py', 'venv/lib/python3.12/site-packages/rich/_ratio.py', 'venv/lib/python3.12/site-packages/rich/_stack.py', 'venv/lib/python3.12/site-packages/rich/json.py', 'venv/lib/python3.12/site-packages/rich/logging.py', 'venv/lib/python3.12/site-packages/rich/syntax.py', 'venv/lib/python3.12/site-packages/rich/highlighter.py', 'venv/lib/python3.12/site-packages/rich/styled.py', 'venv/lib/python3.12/site-packages/rich/_windows_renderer.py', 'venv/lib/python3.12/site-packages/rich/_null_file.py', 'venv/lib/python3.12/site-packages/rich/progress_bar.py', 'venv/lib/python3.12/site-packages/rich/theme.py', 'venv/lib/python3.12/site-packages/rich/jupyter.py'. Reloading...
INFO:     Shutting down
INFO:     Waiting for application shutdown.
INFO:     Application shutdown complete.
INFO:     Finished server process [20561]
2026-05-20 19:48:22,879 INFO 13 changes detected
INFO:     Started server process [20567]
INFO:     Waiting for application startup.
2026-05-20 19:48:23,375 INFO DB 초기화 완료
INFO:     Application startup complete.
2026-05-20 19:48:23,992 INFO 1 change detected
2026-05-20 19:48:26,075 INFO 4 changes detected
WARNING:  WatchFiles detected changes in 'venv/lib/python3.12/site-packages/rich/__init__.py', 'venv/lib/python3.12/site-packages/rich/status.py', 'venv/lib/python3.12/site-packages/rich/_windows.py'. Reloading...
INFO:     Shutting down
INFO:     Waiting for application shutdown.
INFO:     Application shutdown complete.
INFO:     Finished server process [20567]
2026-05-20 19:48:26,590 INFO 13 changes detected
WARNING:  WatchFiles detected changes in 'venv/lib/python3.12/site-packages/rich/padding.py', 'venv/lib/python3.12/site-packages/rich/screen.py', 'venv/lib/python3.12/site-packages/rich/ansi.py', 'venv/lib/python3.12/site-packages/rich/markdown.py', 'venv/lib/python3.12/site-packages/rich/constrain.py', 'venv/lib/python3.12/site-packages/rich/_emoji_codes.py', 'venv/lib/python3.12/site-packages/rich/containers.py', 'venv/lib/python3.12/site-packages/rich/emoji.py', 'venv/lib/python3.12/site-packages/rich/spinner.py', 'venv/lib/python3.12/site-packages/rich/repr.py', 'venv/lib/python3.12/site-packages/rich/_export_format.py', 'venv/lib/python3.12/site-packages/rich/file_proxy.py', 'venv/lib/python3.12/site-packages/rich/table.py'. Reloading...
2026-05-20 19:48:26,955 INFO 1 change detected
WARNING:  WatchFiles detected changes in 'venv/lib/python3.12/site-packages/rich/console.py'. Reloading...
2026-05-20 19:48:27,434 INFO 44 changes detected
WARNING:  WatchFiles detected changes in 'venv/lib/python3.12/site-packages/dns/rdataclass.py', 'venv/lib/python3.12/site-packages/dns/zonetypes.py', 'venv/lib/python3.12/site-packages/dns/_ddr.py', 'venv/lib/python3.12/site-packages/shellingham/_core.py', 'venv/lib/python3.12/site-packages/sqlalchemy/inspection.py', 'venv/lib/python3.12/site-packages/dns/tokenizer.py', 'venv/lib/python3.12/site-packages/dns/name.py', 'venv/lib/python3.12/site-packages/sqlalchemy/types.py', 'venv/lib/python3.12/site-packages/dns/entropy.py', 'venv/lib/python3.12/site-packages/dns/resolver.py', 'venv/lib/python3.12/site-packages/shellingham/__init__.py', 'venv/lib/python3.12/site-packages/shellingham/nt.py', 'venv/lib/python3.12/site-packages/sqlalchemy/events.py', 'venv/lib/python3.12/site-packages/dns/_immutable_ctx.py', 'venv/lib/python3.12/site-packages/dns/versioned.py', 'venv/lib/python3.12/site-packages/dns/opcode.py', 'venv/lib/python3.12/site-packages/dns/asyncquery.py', 'venv/lib/python3.12/site-packages/rich/rule.py', 'venv/lib/python3.12/site-packages/sqlalchemy/__init__.py', 'venv/lib/python3.12/site-packages/dns/transaction.py', 'venv/lib/python3.12/site-packages/dns/ipv4.py', 'venv/lib/python3.12/site-packages/dns/rdata.py', 'venv/lib/python3.12/site-packages/sqlalchemy/log.py', 'venv/lib/python3.12/site-packages/sqlalchemy/schema.py', 'venv/lib/python3.12/site-packages/dns/grange.py', 'venv/lib/python3.12/site-packages/dns/asyncresolver.py', 'venv/lib/python3.12/site-packages/dns/set.py', 'venv/lib/python3.12/site-packages/rich/markup.py', 'venv/lib/python3.12/site-packages/sqlalchemy/exc.py', 'venv/lib/python3.12/site-packages/dns/query.py', 'venv/lib/python3.12/site-packages/dns/tsigkeyring.py', 'venv/lib/python3.12/site-packages/dns/_trio_backend.py'. Reloading...
2026-05-20 19:48:27,799 INFO 8 changes detected
WARNING:  WatchFiles detected changes in 'venv/lib/python3.12/site-packages/dns/reversename.py', 'venv/lib/python3.12/site-packages/dns/dnssectypes.py'. Reloading...
INFO:     Started server process [20583]
INFO:     Waiting for application startup.
2026-05-20 19:48:28,709 INFO DB 초기화 완료
INFO:     Application startup complete.
2026-05-20 19:48:29,298 INFO 6 changes detected
WARNING:  WatchFiles detected changes in 'venv/lib/python3.12/site-packages/dns/rdataset.py', 'venv/lib/python3.12/site-packages/dns/enum.py', 'venv/lib/python3.12/site-packages/dns/zonefile.py', 'venv/lib/python3.12/site-packages/dns/message.py', 'venv/lib/python3.12/site-packages/dns/_asyncio_backend.py', 'venv/lib/python3.12/site-packages/dns/_tls_util.py'. Reloading...
INFO:     Shutting down
INFO:     Waiting for application shutdown.
INFO:     Application shutdown complete.
INFO:     Finished server process [20583]
2026-05-20 19:48:29,833 INFO 7 changes detected
WARNING:  WatchFiles detected changes in 'venv/lib/python3.12/site-packages/dns/win32util.py', 'venv/lib/python3.12/site-packages/dns/inet.py', 'venv/lib/python3.12/site-packages/dns/rrset.py', 'venv/lib/python3.12/site-packages/dns/rcode.py', 'venv/lib/python3.12/site-packages/dns/btree.py', 'venv/lib/python3.12/site-packages/dns/ipv6.py', 'venv/lib/python3.12/site-packages/dns/wire.py'. Reloading...
2026-05-20 19:48:30,254 INFO 6 changes detected
WARNING:  WatchFiles detected changes in 'venv/lib/python3.12/site-packages/dns/xfr.py', 'venv/lib/python3.12/site-packages/dns/update.py', 'venv/lib/python3.12/site-packages/dns/node.py', 'venv/lib/python3.12/site-packages/dns/e164.py', 'venv/lib/python3.12/site-packages/dns/nameserver.py', 'venv/lib/python3.12/site-packages/dns/flags.py'. Reloading...
2026-05-20 19:48:30,616 INFO 24 changes detected
WARNING:  WatchFiles detected changes in 'venv/lib/python3.12/site-packages/dns/rdatatype.py', 'venv/lib/python3.12/site-packages/dns/serial.py', 'venv/lib/python3.12/site-packages/dns/ttl.py', 'venv/lib/python3.12/site-packages/dns/zone.py', 'venv/lib/python3.12/site-packages/dns/exception.py', 'venv/lib/python3.12/site-packages/dns/immutable.py', 'venv/lib/python3.12/site-packages/dns/dnssec.py', 'venv/lib/python3.12/site-packages/dns/_asyncbackend.py', 'venv/lib/python3.12/site-packages/dns/edns.py', 'venv/lib/python3.12/site-packages/dns/version.py', 'venv/lib/python3.12/site-packages/dns/_features.py', 'venv/lib/python3.12/site-packages/dns/asyncbackend.py', 'venv/lib/python3.12/site-packages/dns/namedict.py', 'venv/lib/python3.12/site-packages/dns/btreezone.py', 'venv/lib/python3.12/site-packages/dns/__init__.py', 'venv/lib/python3.12/site-packages/dns/_no_ssl.py', 'venv/lib/python3.12/site-packages/dns/renderer.py', 'venv/lib/python3.12/site-packages/dns/tsig.py'. Reloading...
2026-05-20 19:48:30,987 INFO 1 change detected
WARNING:  WatchFiles detected changes in 'venv/lib/python3.12/site-packages/yaml/representer.py'. Reloading...
INFO:     Started server process [20596]
INFO:     Waiting for application startup.
2026-05-20 19:48:31,836 INFO DB 초기화 완료
INFO:     Application startup complete.
2026-05-20 19:48:34,704 INFO 12 changes detected
WARNING:  WatchFiles detected changes in 'venv/lib/python3.12/site-packages/yaml/__init__.py', 'venv/lib/python3.12/site-packages/yaml/events.py', 'venv/lib/python3.12/site-packages/yaml/reader.py', 'venv/lib/python3.12/site-packages/yaml/serializer.py', 'venv/lib/python3.12/site-packages/yaml/emitter.py', 'venv/lib/python3.12/site-packages/yaml/cyaml.py', 'venv/lib/python3.12/site-packages/yaml/error.py', 'venv/lib/python3.12/site-packages/yaml/scanner.py', 'venv/lib/python3.12/site-packages/yaml/parser.py', 'venv/lib/python3.12/site-packages/yaml/dumper.py', 'venv/lib/python3.12/site-packages/yaml/composer.py'. Reloading...
INFO:     Shutting down
INFO:     Waiting for application shutdown.
INFO:     Application shutdown complete.
INFO:     Finished server process [20596]
2026-05-20 19:48:35,243 INFO 9 changes detected
WARNING:  WatchFiles detected changes in 'venv/lib/python3.12/site-packages/soupsieve/__meta__.py', 'venv/lib/python3.12/site-packages/soupsieve/css_match.py', 'venv/lib/python3.12/site-packages/soupsieve/pretty.py', 'venv/lib/python3.12/site-packages/soupsieve/css_types.py', 'venv/lib/python3.12/site-packages/yaml/constructor.py', 'venv/lib/python3.12/site-packages/yaml/resolver.py', 'venv/lib/python3.12/site-packages/yaml/loader.py', 'venv/lib/python3.12/site-packages/yaml/nodes.py', 'venv/lib/python3.12/site-packages/yaml/tokens.py'. Reloading...
2026-05-20 19:48:35,610 INFO 2 changes detected
WARNING:  WatchFiles detected changes in 'venv/lib/python3.12/site-packages/soupsieve/util.py', 'venv/lib/python3.12/site-packages/soupsieve/__init__.py'. Reloading...
2026-05-20 19:48:35,972 INFO 2 changes detected
WARNING:  WatchFiles detected changes in 'venv/lib/python3.12/site-packages/soupsieve/css_parser.py'. Reloading...
2026-05-20 19:48:36,337 INFO 1 change detected
WARNING:  WatchFiles detected changes in 'venv/lib/python3.12/site-packages/orjson/__init__.py'. Reloading...
2026-05-20 19:48:36,701 INFO 1 change detected
WARNING:  WatchFiles detected changes in 'venv/lib/python3.12/site-packages/groq/_types.py'. Reloading...
2026-05-20 19:48:37,067 INFO 2 changes detected
WARNING:  WatchFiles detected changes in 'venv/lib/python3.12/site-packages/groq/_client.py', 'venv/lib/python3.12/site-packages/groq/_files.py'. Reloading...
2026-05-20 19:48:37,432 INFO 2 changes detected
WARNING:  WatchFiles detected changes in 'venv/lib/python3.12/site-packages/groq/_constants.py'. Reloading...
2026-05-20 19:48:37,797 INFO 3 changes detected
WARNING:  WatchFiles detected changes in 'venv/lib/python3.12/site-packages/groq/_qs.py', 'venv/lib/python3.12/site-packages/groq/__init__.py', 'venv/lib/python3.12/site-packages/groq/_streaming.py'. Reloading...
2026-05-20 19:48:38,164 INFO 16 changes detected
WARNING:  WatchFiles detected changes in 'venv/lib/python3.12/site-packages/bs4/dammit.py'. Reloading...
2026-05-20 19:48:38,527 INFO 2 changes detected
2026-05-20 19:48:39,048 INFO 17 changes detected
INFO:     Started server process [20608]
INFO:     Waiting for application startup.
2026-05-20 19:48:39,146 INFO DB 초기화 완료
INFO:     Application startup complete.
2026-05-20 19:48:41,767 INFO 1 change detected
2026-05-20 19:48:42,233 INFO 14 changes detected
WARNING:  WatchFiles detected changes in 'venv/lib/python3.12/site-packages/click/__init__.py', 'venv/lib/python3.12/site-packages/click/parser.py', 'venv/lib/python3.12/site-packages/groq/_base_client.py', 'venv/lib/python3.12/site-packages/click/_textwrap.py', 'venv/lib/python3.12/site-packages/click/utils.py', 'venv/lib/python3.12/site-packages/click/exceptions.py', 'venv/lib/python3.12/site-packages/groq/_resource.py', 'venv/lib/python3.12/site-packages/click/formatting.py', 'venv/lib/python3.12/site-packages/click/decorators.py'. Reloading...
INFO:     Shutting down
INFO:     Waiting for application shutdown.
INFO:     Application shutdown complete.
INFO:     Finished server process [20608]
2026-05-20 19:48:42,846 INFO 6 changes detected
WARNING:  WatchFiles detected changes in 'venv/lib/python3.12/site-packages/groq/_version.py', 'venv/lib/python3.12/site-packages/groq/_exceptions.py', 'venv/lib/python3.12/site-packages/groq/_response.py', 'venv/lib/python3.12/site-packages/groq/_compat.py', 'venv/lib/python3.12/site-packages/typing_inspection/typing_objects.py', 'venv/lib/python3.12/site-packages/groq/_models.py'. Reloading...
INFO:     Started server process [20617]
INFO:     Waiting for application startup.
2026-05-20 19:48:43,692 INFO DB 초기화 완료
INFO:     Application startup complete.
2026-05-20 19:48:47,936 INFO 16 changes detected
WARNING:  WatchFiles detected changes in 'venv/lib/python3.12/site-packages/dotenv/parser.py', 'venv/lib/python3.12/site-packages/dotenv/main.py'. Reloading...
INFO:     Shutting down
INFO:     Waiting for application shutdown.
INFO:     Application shutdown complete.
INFO:     Finished server process [20617]
2026-05-20 19:48:48,632 INFO 4 changes detected
WARNING:  WatchFiles detected changes in 'venv/lib/python3.12/site-packages/dotenv/__main__.py', 'venv/lib/python3.12/site-packages/dotenv/cli.py', 'venv/lib/python3.12/site-packages/dotenv/variables.py'. Reloading...
INFO:     Started server process [20620]
INFO:     Waiting for application startup.
2026-05-20 19:48:49,506 INFO DB 초기화 완료
INFO:     Application startup complete.
2026-05-20 19:48:52,101 INFO 10 changes detected
2026-05-20 19:48:52,465 INFO 2 changes detected
2026-05-20 19:48:52,829 INFO 1 change detected
2026-05-20 19:48:53,193 INFO 1 change detected
2026-05-20 19:48:53,555 INFO 2 changes detected
2026-05-20 19:48:59,950 INFO 16 changes detected
2026-05-20 19:49:00,316 INFO 4 changes detected
2026-05-20 19:49:03,668 INFO 9 changes detected
2026-05-20 19:49:04,025 INFO 11 changes detected
WARNING:  WatchFiles detected changes in 'venv/lib/python3.12/site-packages/lxml/html/clean.py', 'venv/lib/python3.12/site-packages/lxml/html/soupparser.py', 'venv/lib/python3.12/site-packages/lxml/html/html5parser.py', 'venv/lib/python3.12/site-packages/lxml/html/builder.py', 'venv/lib/python3.12/site-packages/lxml/html/__init__.py'. Reloading...
INFO:     Shutting down
INFO:     Waiting for application shutdown.
INFO:     Application shutdown complete.
INFO:     Finished server process [20620]
INFO:     Started server process [20640]
INFO:     Waiting for application startup.
2026-05-20 19:49:05,202 INFO DB 초기화 완료
INFO:     Application startup complete.
2026-05-20 19:49:10,138 INFO 16 changes detected
WARNING:  WatchFiles detected changes in 'venv/lib/python3.12/site-packages/cryptography/hazmat/_oid.py', 'venv/lib/python3.12/site-packages/cryptography/x509/extensions.py', 'venv/lib/python3.12/site-packages/cryptography/x509/oid.py', 'venv/lib/python3.12/site-packages/cryptography/x509/ocsp.py', 'venv/lib/python3.12/site-packages/cryptography/hazmat/__init__.py', 'venv/lib/python3.12/site-packages/cryptography/x509/name.py'. Reloading...
INFO:     Shutting down
INFO:     Waiting for application shutdown.
INFO:     Application shutdown complete.
INFO:     Finished server process [20640]
2026-05-20 19:49:10,616 INFO 15 changes detected
WARNING:  WatchFiles detected changes in 'venv/lib/python3.12/site-packages/cryptography/x509/__init__.py', 'venv/lib/python3.12/site-packages/cryptography/x509/base.py', 'venv/lib/python3.12/site-packages/cryptography/x509/verification.py', 'venv/lib/python3.12/site-packages/cryptography/x509/certificate_transparency.py', 'venv/lib/python3.12/site-packages/cryptography/x509/general_name.py'. Reloading...
INFO:     Started server process [20643]
INFO:     Waiting for application startup.
2026-05-20 19:49:11,544 INFO DB 초기화 완료
INFO:     Application startup complete.
2026-05-20 19:49:16,330 INFO 9 changes detected
2026-05-20 19:49:16,899 INFO 18 changes detected
WARNING:  WatchFiles detected changes in 'venv/lib/python3.12/site-packages/anyio/_core/_fileio.py', 'venv/lib/python3.12/site-packages/anyio/_backends/_trio.py', 'venv/lib/python3.12/site-packages/anyio/_core/_sockets.py', 'venv/lib/python3.12/site-packages/anyio/_backends/_asyncio.py'. Reloading...
INFO:     Shutting down
INFO:     Waiting for application shutdown.
INFO:     Application shutdown complete.
INFO:     Finished server process [20643]
2026-05-20 19:49:17,381 INFO 7 changes detected
INFO:     Started server process [20661]
INFO:     Waiting for application startup.
2026-05-20 19:49:17,885 INFO DB 초기화 완료
INFO:     Application startup complete.
2026-05-20 19:49:18,167 INFO 35 changes detected
WARNING:  WatchFiles detected changes in 'venv/lib/python3.12/site-packages/websockets/legacy/protocol.py', 'venv/lib/python3.12/site-packages/websockets/sync/server.py', 'venv/lib/python3.12/site-packages/websockets/asyncio/connection.py', 'venv/lib/python3.12/site-packages/websockets/extensions/permessage_deflate.py', 'venv/lib/python3.12/site-packages/websockets/asyncio/client.py', 'venv/lib/python3.12/site-packages/websockets/legacy/server.py', 'venv/lib/python3.12/site-packages/websockets/sync/connection.py', 'venv/lib/python3.12/site-packages/websockets/asyncio/server.py', 'venv/lib/python3.12/site-packages/websockets/legacy/client.py'. Reloading...
INFO:     Shutting down
INFO:     Waiting for application shutdown.
INFO:     Application shutdown complete.
INFO:     Finished server process [20661]
2026-05-20 19:49:18,655 INFO 5 changes detected
WARNING:  WatchFiles detected changes in 'venv/lib/python3.12/site-packages/httpcore/_sync/http2.py', 'venv/lib/python3.12/site-packages/httpcore/_async/http2.py'. Reloading...
2026-05-20 19:49:19,019 INFO 16 changes detected
INFO:     Started server process [20665]
INFO:     Waiting for application startup.
2026-05-20 19:49:19,594 INFO DB 초기화 완료
INFO:     Application startup complete.
2026-05-20 19:49:19,650 INFO 4 changes detected
WARNING:  WatchFiles detected changes in 'venv/lib/python3.12/site-packages/pygments/formatters/img.py', 'venv/lib/python3.12/site-packages/pygments/formatters/html.py', 'venv/lib/python3.12/site-packages/pygments/filters/__init__.py'. Reloading...
INFO:     Shutting down
INFO:     Waiting for application shutdown.
INFO:     Application shutdown complete.
INFO:     Finished server process [20665]
2026-05-20 19:49:20,161 INFO 9 changes detected
WARNING:  WatchFiles detected changes in 'venv/lib/python3.12/site-packages/pygments/lexers/_stata_builtins.py', 'venv/lib/python3.12/site-packages/pygments/lexers/ml.py', 'venv/lib/python3.12/site-packages/pygments/lexers/modula2.py', 'venv/lib/python3.12/site-packages/pygments/lexers/_sourcemod_builtins.py'. Reloading...
INFO:     Started server process [20667]
INFO:     Waiting for application startup.
2026-05-20 19:49:20,979 INFO DB 초기화 완료
INFO:     Application startup complete.
2026-05-20 19:49:22,395 INFO 1 change detected
WARNING:  WatchFiles detected changes in 'venv/lib/python3.12/site-packages/pygments/lexers/configs.py'. Reloading...
INFO:     Shutting down
INFO:     Waiting for application shutdown.
INFO:     Application shutdown complete.
INFO:     Finished server process [20667]
2026-05-20 19:49:22,975 INFO 17 changes detected
WARNING:  WatchFiles detected changes in 'venv/lib/python3.12/site-packages/pygments/lexers/_asy_builtins.py', 'venv/lib/python3.12/site-packages/pygments/lexers/igor.py', 'venv/lib/python3.12/site-packages/pygments/lexers/python.py', 'venv/lib/python3.12/site-packages/pygments/lexers/asm.py', 'venv/lib/python3.12/site-packages/pygments/lexers/_lilypond_builtins.py', 'venv/lib/python3.12/site-packages/pygments/lexers/_scheme_builtins.py', 'venv/lib/python3.12/site-packages/pygments/lexers/business.py', 'venv/lib/python3.12/site-packages/pygments/lexers/css.py'. Reloading...
2026-05-20 19:49:23,397 INFO 9 changes detected
WARNING:  WatchFiles detected changes in 'venv/lib/python3.12/site-packages/pygments/lexers/_openedge_builtins.py', 'venv/lib/python3.12/site-packages/pygments/lexers/ncl.py', 'venv/lib/python3.12/site-packages/pygments/lexers/c_like.py', 'venv/lib/python3.12/site-packages/pygments/lexers/_mysql_builtins.py', 'venv/lib/python3.12/site-packages/pygments/lexers/templates.py', 'venv/lib/python3.12/site-packages/pygments/lexers/freefem.py', 'venv/lib/python3.12/site-packages/pygments/lexers/webmisc.py', 'venv/lib/python3.12/site-packages/pygments/lexers/shell.py', 'venv/lib/python3.12/site-packages/pygments/lexers/lisp.py'. Reloading...
2026-05-20 19:49:23,818 INFO 10 changes detected
WARNING:  WatchFiles detected changes in 'venv/lib/python3.12/site-packages/pygments/lexers/_php_builtins.py', 'venv/lib/python3.12/site-packages/pygments/lexers/_cocoa_builtins.py', 'venv/lib/python3.12/site-packages/pygments/lexers/objective.py', 'venv/lib/python3.12/site-packages/pygments/lexers/scripting.py', 'venv/lib/python3.12/site-packages/pygments/lexers/foxpro.py', 'venv/lib/python3.12/site-packages/pygments/lexers/_scilab_builtins.py', 'venv/lib/python3.12/site-packages/pygments/lexers/matlab.py', 'venv/lib/python3.12/site-packages/pygments/lexers/jvm.py', 'venv/lib/python3.12/site-packages/pygments/lexers/dsls.py', 'venv/lib/python3.12/site-packages/pygments/lexers/_mapping.py'. Reloading...
2026-05-20 19:49:24,179 INFO 6 changes detected
WARNING:  WatchFiles detected changes in 'venv/lib/python3.12/site-packages/pygments/lexers/_vim_builtins.py', 'venv/lib/python3.12/site-packages/pygments/lexers/int_fiction.py', 'venv/lib/python3.12/site-packages/pygments/lexers/sql.py', 'venv/lib/python3.12/site-packages/pygments/lexers/modeling.py', 'venv/lib/python3.12/site-packages/pygments/lexers/graphics.py', 'venv/lib/python3.12/site-packages/pygments/lexers/esoteric.py'. Reloading...
2026-05-20 19:49:24,651 INFO 11 changes detected
WARNING:  WatchFiles detected changes in 'venv/lib/python3.12/site-packages/pygments/lexers/__init__.py', 'venv/lib/python3.12/site-packages/pygments/lexers/_lasso_builtins.py', 'venv/lib/python3.12/site-packages/pygments/lexers/parsers.py', 'venv/lib/python3.12/site-packages/pygments/lexers/haskell.py', 'venv/lib/python3.12/site-packages/pygments/lexers/_mql_builtins.py', 'venv/lib/python3.12/site-packages/pygments/lexers/javascript.py', 'venv/lib/python3.12/site-packages/pygments/lexers/markup.py', 'venv/lib/python3.12/site-packages/pygments/lexers/dotnet.py', 'venv/lib/python3.12/site-packages/pygments/lexers/macaulay2.py', 'venv/lib/python3.12/site-packages/pygments/lexers/perl.py', 'venv/lib/python3.12/site-packages/pygments/lexers/installers.py'. Reloading...
2026-05-20 19:49:25,014 INFO 2 changes detected
WARNING:  WatchFiles detected changes in 'venv/lib/python3.12/site-packages/pygments/lexers/mojo.py', 'venv/lib/python3.12/site-packages/pygments/lexers/tact.py'. Reloading...
2026-05-20 19:49:25,488 INFO 12 changes detected
WARNING:  WatchFiles detected changes in 'venv/lib/python3.12/site-packages/httpx/_transports/default.py'. Reloading...
2026-05-20 19:49:25,917 INFO 25 changes detected
WARNING:  WatchFiles detected changes in 'venv/lib/python3.12/site-packages/rich/_unicode_data/unicode15-1-0.py', 'venv/lib/python3.12/site-packages/rich/_unicode_data/unicode8-0-0.py', 'venv/lib/python3.12/site-packages/urllib3/util/timeout.py', 'venv/lib/python3.12/site-packages/urllib3/contrib/__init__.py', 'venv/lib/python3.12/site-packages/urllib3/contrib/pyopenssl.py', 'venv/lib/python3.12/site-packages/rich/_unicode_data/unicode16-0-0.py', 'venv/lib/python3.12/site-packages/rich/_unicode_data/unicode5-2-0.py', 'venv/lib/python3.12/site-packages/urllib3/util/url.py', 'venv/lib/python3.12/site-packages/rich/_unicode_data/unicode14-0-0.py', 'venv/lib/python3.12/site-packages/rich/_unicode_data/unicode6-3-0.py', 'venv/lib/python3.12/site-packages/urllib3/util/ssl_.py', 'venv/lib/python3.12/site-packages/rich/_unicode_data/unicode6-1-0.py', 'venv/lib/python3.12/site-packages/urllib3/http2/connection.py', 'venv/lib/python3.12/site-packages/rich/_unicode_data/unicode11-0-0.py', 'venv/lib/python3.12/site-packages/rich/_unicode_data/unicode6-0-0.py'. Reloading...
2026-05-20 19:49:26,284 INFO 26 changes detected
INFO:     Started server process [20794]
INFO:     Waiting for application startup.
2026-05-20 19:49:26,794 INFO DB 초기화 완료
INFO:     Application startup complete.
2026-05-20 19:49:26,864 INFO 52 changes detected
WARNING:  WatchFiles detected changes in 'venv/lib/python3.12/site-packages/sqlalchemy/sql/sqltypes.py', 'venv/lib/python3.12/site-packages/sqlalchemy/sql/dml.py', 'venv/lib/python3.12/site-packages/sqlalchemy/testing/engines.py', 'venv/lib/python3.12/site-packages/sqlalchemy/sql/events.py', 'venv/lib/python3.12/site-packages/rich/color_triplet.py', 'venv/lib/python3.12/site-packages/rich/_wrap.py', 'venv/lib/python3.12/site-packages/sqlalchemy/sql/operators.py', 'venv/lib/python3.12/site-packages/sqlalchemy/sql/traversals.py', 'venv/lib/python3.12/site-packages/sqlalchemy/sql/util.py', 'venv/lib/python3.12/site-packages/sqlalchemy/sql/lambdas.py', 'venv/lib/python3.12/site-packages/rich/tree.py', 'venv/lib/python3.12/site-packages/sqlalchemy/sql/crud.py', 'venv/lib/python3.12/site-packages/sqlalchemy/sql/functions.py', 'venv/lib/python3.12/site-packages/rich/style.py', 'venv/lib/python3.12/site-packages/rich/measure.py', 'venv/lib/python3.12/site-packages/sqlalchemy/sql/visitors.py', 'venv/lib/python3.12/site-packages/sqlalchemy/sql/cache_key.py', 'venv/lib/python3.12/site-packages/sqlalchemy/sql/_typing.py', 'venv/lib/python3.12/site-packages/rich/pretty.py', 'venv/lib/python3.12/site-packages/rich/cells.py', 'venv/lib/python3.12/site-packages/sqlalchemy/sql/_elements_constructors.py', 'venv/lib/python3.12/site-packages/sqlalchemy/sql/ddl.py', 'venv/lib/python3.12/site-packages/sqlalchemy/sql/type_api.py', 'venv/lib/python3.12/site-packages/sqlalchemy/sql/compiler.py', 'venv/lib/python3.12/site-packages/sqlalchemy/sql/elements.py', 'venv/lib/python3.12/site-packages/sqlalchemy/sql/base.py', 'venv/lib/python3.12/site-packages/rich/_pick.py', 'venv/lib/python3.12/site-packages/sqlalchemy/sql/coercions.py', 'venv/lib/python3.12/site-packages/sqlalchemy/sql/selectable.py', 'venv/lib/python3.12/site-packages/rich/segment.py', 'venv/lib/python3.12/site-packages/rich/default_styles.py', 'venv/lib/python3.12/site-packages/rich/traceback.py', 'venv/lib/python3.12/site-packages/sqlalchemy/testing/profiling.py', 'venv/lib/python3.12/site-packages/rich/scope.py', 'venv/lib/python3.12/site-packages/sqlalchemy/sql/schema.py', 'venv/lib/python3.12/site-packages/rich/_fileno.py', 'venv/lib/python3.12/site-packages/rich/region.py'. Reloading...
INFO:     Shutting down
INFO:     Waiting for application shutdown.
INFO:     Application shutdown complete.
INFO:     Finished server process [20794]
2026-05-20 19:49:27,367 INFO 14 changes detected
WARNING:  WatchFiles detected changes in 'venv/lib/python3.12/site-packages/sqlalchemy/testing/provision.py', 'venv/lib/python3.12/site-packages/sqlalchemy/event/base.py', 'venv/lib/python3.12/site-packages/sqlalchemy/testing/requirements.py', 'venv/lib/python3.12/site-packages/sqlalchemy/connectors/asyncio.py', 'venv/lib/python3.12/site-packages/sqlalchemy/testing/schema.py', 'venv/lib/python3.12/site-packages/sqlalchemy/testing/entities.py', 'venv/lib/python3.12/site-packages/sqlalchemy/pool/events.py', 'venv/lib/python3.12/site-packages/sqlalchemy/testing/__init__.py', 'venv/lib/python3.12/site-packages/sqlalchemy/connectors/__init__.py', 'venv/lib/python3.12/site-packages/sqlalchemy/pool/base.py', 'venv/lib/python3.12/site-packages/sqlalchemy/testing/exclusions.py', 'venv/lib/python3.12/site-packages/sqlalchemy/event/legacy.py', 'venv/lib/python3.12/site-packages/sqlalchemy/pool/__init__.py', 'venv/lib/python3.12/site-packages/sqlalchemy/event/attr.py'. Reloading...
2026-05-20 19:49:27,731 INFO 29 changes detected
WARNING:  WatchFiles detected changes in 'venv/lib/python3.12/site-packages/sqlalchemy/orm/path_registry.py', 'venv/lib/python3.12/site-packages/sqlalchemy/orm/query.py', 'venv/lib/python3.12/site-packages/sqlalchemy/orm/mapper.py', 'venv/lib/python3.12/site-packages/sqlalchemy/future/__init__.py', 'venv/lib/python3.12/site-packages/sqlalchemy/orm/context.py', 'venv/lib/python3.12/site-packages/sqlalchemy/orm/collections.py', 'venv/lib/python3.12/site-packages/sqlalchemy/orm/_orm_constructors.py', 'venv/lib/python3.12/site-packages/sqlalchemy/orm/dynamic.py', 'venv/lib/python3.12/site-packages/sqlalchemy/orm/exc.py', 'venv/lib/python3.12/site-packages/sqlalchemy/orm/bulk_persistence.py', 'venv/lib/python3.12/site-packages/sqlalchemy/orm/events.py', 'venv/lib/python3.12/site-packages/sqlalchemy/orm/persistence.py', 'venv/lib/python3.12/site-packages/sqlalchemy/orm/strategies.py', 'venv/lib/python3.12/site-packages/sqlalchemy/orm/dependency.py', 'venv/lib/python3.12/site-packages/sqlalchemy/orm/loading.py', 'venv/lib/python3.12/site-packages/sqlalchemy/orm/mapped_collection.py', 'venv/lib/python3.12/site-packages/sqlalchemy/orm/descriptor_props.py', 'venv/lib/python3.12/site-packages/sqlalchemy/orm/decl_base.py', 'venv/lib/python3.12/site-packages/sqlalchemy/orm/strategy_options.py', 'venv/lib/python3.12/site-packages/sqlalchemy/orm/clsregistry.py', 'venv/lib/python3.12/site-packages/sqlalchemy/orm/state.py', 'venv/lib/python3.12/site-packages/sqlalchemy/orm/interfaces.py', 'venv/lib/python3.12/site-packages/sqlalchemy/orm/decl_api.py', 'venv/lib/python3.12/site-packages/sqlalchemy/orm/properties.py', 'venv/lib/python3.12/site-packages/sqlalchemy/orm/attributes.py', 'venv/lib/python3.12/site-packages/sqlalchemy/orm/scoping.py', 'venv/lib/python3.12/site-packages/sqlalchemy/orm/util.py', 'venv/lib/python3.12/site-packages/sqlalchemy/orm/session.py', 'venv/lib/python3.12/site-packages/sqlalchemy/orm/relationships.py'. Reloading...
2026-05-20 19:49:28,148 INFO 4 changes detected
WARNING:  WatchFiles detected changes in 'venv/lib/python3.12/site-packages/sqlalchemy/engine/_py_row.py', 'venv/lib/python3.12/site-packages/sqlalchemy/engine/reflection.py', 'venv/lib/python3.12/site-packages/sqlalchemy/engine/cursor.py', 'venv/lib/python3.12/site-packages/sqlalchemy/engine/util.py'. Reloading...
INFO:     Started server process [20805]
INFO:     Waiting for application startup.
2026-05-20 19:49:28,974 INFO DB 초기화 완료
INFO:     Application startup complete.
2026-05-20 19:49:29,088 INFO 2 changes detected
WARNING:  WatchFiles detected changes in 'venv/lib/python3.12/site-packages/sqlalchemy/engine/default.py', 'venv/lib/python3.12/site-packages/sqlalchemy/engine/result.py'. Reloading...
INFO:     Shutting down
INFO:     Waiting for application shutdown.
INFO:     Application shutdown complete.
INFO:     Finished server process [20805]
INFO:     Started server process [20807]
INFO:     Waiting for application startup.
2026-05-20 19:49:30,098 INFO DB 초기화 완료
INFO:     Application startup complete.
2026-05-20 19:49:31,026 INFO 5 changes detected
WARNING:  WatchFiles detected changes in 'venv/lib/python3.12/site-packages/sqlalchemy/engine/events.py', 'venv/lib/python3.12/site-packages/sqlalchemy/engine/base.py', 'venv/lib/python3.12/site-packages/sqlalchemy/engine/interfaces.py', 'venv/lib/python3.12/site-packages/sqlalchemy/engine/create.py', 'venv/lib/python3.12/site-packages/sqlalchemy/util/langhelpers.py'. Reloading...
INFO:     Shutting down
INFO:     Waiting for application shutdown.
INFO:     Application shutdown complete.
INFO:     Finished server process [20807]
2026-05-20 19:49:31,630 INFO 48 changes detected
WARNING:  WatchFiles detected changes in 'venv/lib/python3.12/site-packages/google/genai/documents.py', 'venv/lib/python3.12/site-packages/google/auth/external_account.py', 'venv/lib/python3.12/site-packages/google/genai/_local_tokenizer_loader.py', 'venv/lib/python3.12/site-packages/google/auth/_oauth2client.py', 'venv/lib/python3.12/site-packages/google/auth/__init__.py', 'venv/lib/python3.12/site-packages/sqlalchemy/ext/hybrid.py', 'venv/lib/python3.12/site-packages/google/auth/credentials.py', 'venv/lib/python3.12/site-packages/google/genai/_test_api_client.py', 'venv/lib/python3.12/site-packages/google/auth/environment_vars.py', 'venv/lib/python3.12/site-packages/google/genai/_tokens_converters.py', 'venv/lib/python3.12/site-packages/google/genai/live_music.py', 'venv/lib/python3.12/site-packages/google/oauth2/reauth.py', 'venv/lib/python3.12/site-packages/google/auth/_regional_access_boundary_utils.py', 'venv/lib/python3.12/site-packages/google/genai/client.py', 'venv/lib/python3.12/site-packages/sqlalchemy/ext/mutable.py', 'venv/lib/python3.12/site-packages/google/genai/_common.py', 'venv/lib/python3.12/site-packages/google/auth/iam.py', 'venv/lib/python3.12/site-packages/google/genai/_automatic_function_calling_util.py', 'venv/lib/python3.12/site-packages/google/genai/_replay_api_client.py', 'venv/lib/python3.12/site-packages/google/genai/batches.py', 'venv/lib/python3.12/site-packages/google/genai/version.py', 'venv/lib/python3.12/site-packages/google/genai/tokens.py', 'venv/lib/python3.12/site-packages/google/genai/_operations_converters.py', 'venv/lib/python3.12/site-packages/google/genai/_api_client.py', 'venv/lib/python3.12/site-packages/google/genai/tunings.py', 'venv/lib/python3.12/site-packages/google/auth/_helpers.py', 'venv/lib/python3.12/site-packages/google/genai/live.py', 'venv/lib/python3.12/site-packages/google/auth/_service_account_info.py', 'venv/lib/python3.12/site-packages/google/genai/__init__.py', 'venv/lib/python3.12/site-packages/google/genai/interactions.py', 'venv/lib/python3.12/site-packages/google/genai/files.py', 'venv/lib/python3.12/site-packages/google/oauth2/service_account.py', 'venv/lib/python3.12/site-packages/google/genai/_api_module.py', 'venv/lib/python3.12/site-packages/google/auth/downscoped.py', 'venv/lib/python3.12/site-packages/google/genai/caches.py', 'venv/lib/python3.12/site-packages/sqlalchemy/ext/associationproxy.py', 'venv/lib/python3.12/site-packages/google/genai/chats.py', 'venv/lib/python3.12/site-packages/google/auth/aws.py', 'venv/lib/python3.12/site-packages/google/auth/_jwt_async.py', 'venv/lib/python3.12/site-packages/google/genai/pagers.py', 'venv/lib/python3.12/site-packages/google/genai/_base_url.py', 'venv/lib/python3.12/site-packages/sqlalchemy/ext/automap.py', 'venv/lib/python3.12/site-packages/google/genai/local_tokenizer.py', 'venv/lib/python3.12/site-packages/google/genai/models.py', 'venv/lib/python3.12/site-packages/google/genai/_base_transformers.py', 'venv/lib/python3.12/site-packages/google/genai/_adapters.py', 'venv/lib/python3.12/site-packages/google/genai/types.py'. Reloading...
2026-05-20 19:49:32,105 INFO 18 changes detected
WARNING:  WatchFiles detected changes in 'venv/lib/python3.12/site-packages/google/auth/api_key.py', 'venv/lib/python3.12/site-packages/google/auth/_credentials_async.py', 'venv/lib/python3.12/site-packages/google/auth/_cache.py', 'venv/lib/python3.12/site-packages/google/auth/exceptions.py', 'venv/lib/python3.12/site-packages/google/auth/_cloud_sdk.py', 'venv/lib/python3.12/site-packages/google/auth/version.py', 'venv/lib/python3.12/site-packages/google/auth/_exponential_backoff.py', 'venv/lib/python3.12/site-packages/google/auth/metrics.py', 'venv/lib/python3.12/site-packages/google/auth/_agent_identity_utils.py', 'venv/lib/python3.12/site-packages/google/auth/impersonated_credentials.py', 'venv/lib/python3.12/site-packages/google/auth/identity_pool.py', 'venv/lib/python3.12/site-packages/google/auth/pluggable.py', 'venv/lib/python3.12/site-packages/google/auth/app_engine.py', 'venv/lib/python3.12/site-packages/google/auth/_default_async.py', 'venv/lib/python3.12/site-packages/google/auth/jwt.py'. Reloading...
2026-05-20 19:49:32,578 INFO 22 changes detected
WARNING:  WatchFiles detected changes in 'venv/lib/python3.12/site-packages/dns/quic/_common.py', 'venv/lib/python3.12/site-packages/dns/rdtypes/nsbase.py', 'venv/lib/python3.12/site-packages/shellingham/posix/proc.py', 'venv/lib/python3.12/site-packages/dns/rdtypes/txtbase.py', 'venv/lib/python3.12/site-packages/dns/rdtypes/euibase.py', 'venv/lib/python3.12/site-packages/dns/quic/_sync.py', 'venv/lib/python3.12/site-packages/dns/quic/_asyncio.py', 'venv/lib/python3.12/site-packages/dns/rdtypes/svcbbase.py', 'venv/lib/python3.12/site-packages/dns/quic/_trio.py', 'venv/lib/python3.12/site-packages/dns/rdtypes/tlsabase.py', 'venv/lib/python3.12/site-packages/shellingham/posix/ps.py', 'venv/lib/python3.12/site-packages/dns/quic/__init__.py', 'venv/lib/python3.12/site-packages/shellingham/posix/_core.py', 'venv/lib/python3.12/site-packages/dns/rdtypes/__init__.py', 'venv/lib/python3.12/site-packages/dns/rdtypes/dsbase.py'. Reloading...
2026-05-20 19:49:33,105 INFO 16 changes detected
INFO:     Started server process [20943]
INFO:     Waiting for application startup.
2026-05-20 19:49:33,417 INFO DB 초기화 완료
INFO:     Application startup complete.
2026-05-20 19:49:35,331 INFO 16 changes detected
WARNING:  WatchFiles detected changes in 'venv/lib/python3.12/site-packages/typing_inspection/introspection.py', 'venv/lib/python3.12/site-packages/typing_inspection/__init__.py', 'venv/lib/python3.12/site-packages/bs4/element.py', 'venv/lib/python3.12/site-packages/bs4/diagnose.py', 'venv/lib/python3.12/site-packages/bs4/css.py', 'venv/lib/python3.12/site-packages/bs4/__init__.py', 'venv/lib/python3.12/site-packages/bs4/formatter.py'. Reloading...
INFO:     Shutting down
INFO:     Waiting for application shutdown.
INFO:     Application shutdown complete.
INFO:     Finished server process [20943]
2026-05-20 19:49:36,203 INFO 64 changes detected
WARNING:  WatchFiles detected changes in 'venv/lib/python3.12/site-packages/dns/dnssecalgs/dsa.py', 'venv/lib/python3.12/site-packages/click/_utils.py', 'venv/lib/python3.12/site-packages/click/types.py', 'venv/lib/python3.12/site-packages/click/_compat.py', 'venv/lib/python3.12/site-packages/click/core.py', 'venv/lib/python3.12/site-packages/click/globals.py', 'venv/lib/python3.12/site-packages/click/_termui_impl.py', 'venv/lib/python3.12/site-packages/dns/dnssecalgs/ecdsa.py', 'venv/lib/python3.12/site-packages/dns/dnssecalgs/__init__.py', 'venv/lib/python3.12/site-packages/click/testing.py', 'venv/lib/python3.12/site-packages/dns/dnssecalgs/eddsa.py', 'venv/lib/python3.12/site-packages/dns/dnssecalgs/base.py', 'venv/lib/python3.12/site-packages/click/termui.py', 'venv/lib/python3.12/site-packages/click/_winconsole.py', 'venv/lib/python3.12/site-packages/click/shell_completion.py'. Reloading...
2026-05-20 19:49:36,574 INFO 43 changes detected
WARNING:  WatchFiles detected changes in 'venv/lib/python3.12/site-packages/groq/_utils/_reflection.py', 'venv/lib/python3.12/site-packages/groq/types/file_create_response.py', 'venv/lib/python3.12/site-packages/groq/resources/embeddings.py', 'venv/lib/python3.12/site-packages/groq/types/embedding.py', 'venv/lib/python3.12/site-packages/groq/_utils/_sync.py', 'venv/lib/python3.12/site-packages/groq/_utils/_logs.py', 'venv/lib/python3.12/site-packages/groq/types/batch_cancel_response.py', 'venv/lib/python3.12/site-packages/groq/types/model.py', 'venv/lib/python3.12/site-packages/groq/types/create_embedding_response.py', 'venv/lib/python3.12/site-packages/groq/_utils/_utils.py', 'venv/lib/python3.12/site-packages/groq/resources/batches.py', 'venv/lib/python3.12/site-packages/groq/types/model_list_response.py', 'venv/lib/python3.12/site-packages/groq/types/file_delete_response.py', 'venv/lib/python3.12/site-packages/groq/_utils/_datetime_parse.py', 'venv/lib/python3.12/site-packages/groq/_utils/_transform.py', 'venv/lib/python3.12/site-packages/groq/_utils/_path.py', 'venv/lib/python3.12/site-packages/groq/_utils/_resources_proxy.py', 'venv/lib/python3.12/site-packages/groq/resources/__init__.py', 'venv/lib/python3.12/site-packages/groq/types/model_deleted.py', 'venv/lib/python3.12/site-packages/groq/types/__init__.py', 'venv/lib/python3.12/site-packages/groq/_utils/_compat.py', 'venv/lib/python3.12/site-packages/groq/types/batch_list_response.py', 'venv/lib/python3.12/site-packages/groq/resources/models.py', 'venv/lib/python3.12/site-packages/groq/resources/files.py', 'venv/lib/python3.12/site-packages/groq/_utils/_json.py', 'venv/lib/python3.12/site-packages/groq/types/batch_create_params.py', 'venv/lib/python3.12/site-packages/groq/_utils/_typing.py', 'venv/lib/python3.12/site-packages/groq/types/file_list_response.py', 'venv/lib/python3.12/site-packages/groq/types/completion_usage.py', 'venv/lib/python3.12/site-packages/groq/types/file_info_response.py', 'venv/lib/python3.12/site-packages/groq/types/batch_create_response.py', 'venv/lib/python3.12/site-packages/groq/_utils/_proxy.py', 'venv/lib/python3.12/site-packages/groq/types/embedding_create_params.py'. Reloading...
2026-05-20 19:49:36,944 INFO 1 change detected
2026-05-20 19:49:37,303 INFO 21 changes detected
WARNING:  WatchFiles detected changes in 'venv/lib/python3.12/site-packages/bs4/builder/_html5lib.py', 'venv/lib/python3.12/site-packages/bs4/builder/_lxml.py', 'venv/lib/python3.12/site-packages/bs4/builder/_htmlparser.py', 'venv/lib/python3.12/site-packages/bs4/builder/__init__.py'. Reloading...
2026-05-20 19:49:37,673 INFO 16 changes detected
WARNING:  WatchFiles detected changes in 'venv/lib/python3.12/site-packages/bs4/tests/test_navigablestring.py', 'venv/lib/python3.12/site-packages/bs4/tests/test_builder.py', 'venv/lib/python3.12/site-packages/bs4/tests/test_fuzz.py', 'venv/lib/python3.12/site-packages/bs4/tests/__init__.py', 'venv/lib/python3.12/site-packages/bs4/tests/test_lxml.py', 'venv/lib/python3.12/site-packages/bs4/tests/test_soup.py', 'venv/lib/python3.12/site-packages/bs4/tests/test_css.py', 'venv/lib/python3.12/site-packages/bs4/tests/test_htmlparser.py', 'venv/lib/python3.12/site-packages/bs4/tests/test_tree.py', 'venv/lib/python3.12/site-packages/bs4/tests/test_html5lib.py', 'venv/lib/python3.12/site-packages/bs4/tests/test_dammit.py', 'venv/lib/python3.12/site-packages/bs4/tests/test_element.py', 'venv/lib/python3.12/site-packages/bs4/tests/test_pageelement.py', 'venv/lib/python3.12/site-packages/bs4/tests/test_builder_registry.py', 'venv/lib/python3.12/site-packages/bs4/tests/test_formatter.py', 'venv/lib/python3.12/site-packages/bs4/tests/test_tag.py'. Reloading...
2026-05-20 19:49:38,037 INFO 3 changes detected
2026-05-20 19:49:38,394 INFO 16 changes detected
WARNING:  WatchFiles detected changes in 'venv/lib/python3.12/site-packages/dotenv/__init__.py', 'venv/lib/python3.12/site-packages/dotenv/version.py', 'venv/lib/python3.12/site-packages/dotenv/ipython.py'. Reloading...
INFO:     Started server process [21059]
INFO:     Waiting for application startup.
2026-05-20 19:49:39,186 INFO DB 초기화 완료
INFO:     Application startup complete.
2026-05-20 19:49:40,642 INFO 30 changes detected
2026-05-20 19:49:41,006 INFO 6 changes detected
2026-05-20 19:49:41,368 INFO 1 change detected
2026-05-20 19:49:41,720 INFO 1 change detected
2026-05-20 19:49:43,428 INFO 1 change detected
2026-05-20 19:49:43,845 INFO 2 changes detected
2026-05-20 19:49:44,370 INFO 20 changes detected
WARNING:  WatchFiles detected changes in 'venv/lib/python3.12/site-packages/cryptography/hazmat/decrepit/__init__.py'. Reloading...
INFO:     Shutting down
INFO:     Waiting for application shutdown.
INFO:     Application shutdown complete.
INFO:     Finished server process [21059]
2026-05-20 19:49:44,983 INFO 28 changes detected
WARNING:  WatchFiles detected changes in 'venv/lib/python3.12/site-packages/uvicorn/protocols/websockets/auto.py', 'venv/lib/python3.12/site-packages/uvicorn/protocols/websockets/websockets_impl.py', 'venv/lib/python3.12/site-packages/uvicorn/protocols/http/httptools_impl.py', 'venv/lib/python3.12/site-packages/uvicorn/protocols/websockets/__init__.py'. Reloading...
2026-05-20 19:49:45,401 INFO 23 changes detected
WARNING:  WatchFiles detected changes in 'venv/lib/python3.12/site-packages/lxml/includes/__init__.py', 'venv/lib/python3.12/site-packages/uvloop/includes/__init__.py'. Reloading...
2026-05-20 19:49:45,871 INFO 35 changes detected
WARNING:  WatchFiles detected changes in 'venv/lib/python3.12/site-packages/lxml/html/diff.py', 'venv/lib/python3.12/site-packages/lxml/html/defs.py', 'venv/lib/python3.12/site-packages/lxml/html/_diffcommand.py', 'venv/lib/python3.12/site-packages/lxml/html/usedoctest.py', 'venv/lib/python3.12/site-packages/lxml/html/ElementSoup.py', 'venv/lib/python3.12/site-packages/lxml/html/_html5builder.py', 'venv/lib/python3.12/site-packages/lxml/isoschematron/__init__.py', 'venv/lib/python3.12/site-packages/lxml/html/formfill.py', 'venv/lib/python3.12/site-packages/lxml/html/_setmixin.py'. Reloading...
2026-05-20 19:49:46,235 INFO 6 changes detected
WARNING:  WatchFiles detected changes in 'venv/lib/python3.12/site-packages/pip/_internal/resolution/base.py', 'venv/lib/python3.12/site-packages/pip/_internal/resolution/__init__.py'. Reloading...
2026-05-20 19:49:46,708 INFO 16 changes detected
WARNING:  WatchFiles detected changes in 'venv/lib/python3.12/site-packages/pip/_internal/models/__init__.py', 'venv/lib/python3.12/site-packages/pip/_internal/models/target_python.py', 'venv/lib/python3.12/site-packages/pip/_internal/models/candidate.py', 'venv/lib/python3.12/site-packages/pip/_internal/models/scheme.py', 'venv/lib/python3.12/site-packages/pip/_internal/models/index.py', 'venv/lib/python3.12/site-packages/pip/_internal/models/wheel.py', 'venv/lib/python3.12/site-packages/pip/_internal/network/lazy_wheel.py', 'venv/lib/python3.12/site-packages/pip/_internal/models/selection_prefs.py', 'venv/lib/python3.12/site-packages/pip/_internal/models/installation_report.py', 'venv/lib/python3.12/site-packages/pip/_internal/network/__init__.py', 'venv/lib/python3.12/site-packages/pip/_internal/models/link.py', 'venv/lib/python3.12/site-packages/pip/_internal/models/direct_url.py', 'venv/lib/python3.12/site-packages/pip/_internal/models/release_control.py', 'venv/lib/python3.12/site-packages/pip/_internal/models/search_scope.py', 'venv/lib/python3.12/site-packages/pip/_internal/models/format_control.py', 'venv/lib/python3.12/site-packages/pip/_internal/network/session.py'. Reloading...
INFO:     Started server process [21191]
INFO:     Waiting for application startup.
2026-05-20 19:49:47,779 INFO DB 초기화 완료
INFO:     Application startup complete.
2026-05-20 19:49:48,726 INFO 24 changes detected
WARNING:  WatchFiles detected changes in 'venv/lib/python3.12/site-packages/pip/_internal/utils/filesystem.py', 'venv/lib/python3.12/site-packages/pip/_internal/network/auth.py', 'venv/lib/python3.12/site-packages/pip/_internal/network/utils.py', 'venv/lib/python3.12/site-packages/pip/_internal/vcs/mercurial.py', 'venv/lib/python3.12/site-packages/pip/_internal/utils/compatibility_tags.py', 'venv/lib/python3.12/site-packages/pip/_internal/network/xmlrpc.py', 'venv/lib/python3.12/site-packages/pip/_internal/cli/autocompletion.py', 'venv/lib/python3.12/site-packages/pip/_internal/utils/compat.py', 'venv/lib/python3.12/site-packages/pip/_internal/network/download.py', 'venv/lib/python3.12/site-packages/pip/_internal/vcs/__init__.py', 'venv/lib/python3.12/site-packages/pip/_internal/cli/index_command.py', 'venv/lib/python3.12/site-packages/pip/_internal/utils/urls.py', 'venv/lib/python3.12/site-packages/pip/_internal/cli/status_codes.py', 'venv/lib/python3.12/site-packages/pip/_internal/cli/spinners.py', 'venv/lib/python3.12/site-packages/pip/_internal/vcs/subversion.py', 'venv/lib/python3.12/site-packages/pip/_internal/cli/main.py', 'venv/lib/python3.12/site-packages/pip/_internal/utils/unpacking.py', 'venv/lib/python3.12/site-packages/pip/_internal/network/cache.py', 'venv/lib/python3.12/site-packages/pip/_internal/vcs/versioncontrol.py', 'venv/lib/python3.12/site-packages/pip/_internal/cli/req_command.py', 'venv/lib/python3.12/site-packages/pip/_internal/cli/parser.py', 'venv/lib/python3.12/site-packages/pip/_internal/cli/__init__.py', 'venv/lib/python3.12/site-packages/pip/_internal/cli/base_command.py', 'venv/lib/python3.12/site-packages/pip/_internal/cli/command_context.py'. Reloading...
INFO:     Shutting down
INFO:     Waiting for application shutdown.
INFO:     Application shutdown complete.
INFO:     Finished server process [21191]
INFO:     Started server process [21200]
INFO:     Waiting for application startup.
2026-05-20 19:49:49,741 INFO DB 초기화 완료
INFO:     Application startup complete.
2026-05-20 19:49:50,464 INFO 64 changes detected
WARNING:  WatchFiles detected changes in 'venv/lib/python3.12/site-packages/pip/_internal/commands/check.py', 'venv/lib/python3.12/site-packages/pip/_internal/utils/misc.py', 'venv/lib/python3.12/site-packages/pip/_internal/commands/inspect.py', 'venv/lib/python3.12/site-packages/pip/_internal/utils/direct_url_helpers.py', 'venv/lib/python3.12/site-packages/pip/_internal/distributions/sdist.py', 'venv/lib/python3.12/site-packages/pip/_internal/commands/index.py', 'venv/lib/python3.12/site-packages/pip/_internal/utils/datetime.py', 'venv/lib/python3.12/site-packages/pip/_internal/req/pep723.py', 'venv/lib/python3.12/site-packages/pip/_internal/req/req_file.py', 'venv/lib/python3.12/site-packages/pip/_internal/req/req_set.py', 'venv/lib/python3.12/site-packages/pip/_internal/commands/cache.py', 'venv/lib/python3.12/site-packages/pip/_internal/utils/logging.py', 'venv/lib/python3.12/site-packages/pip/_internal/utils/virtualenv.py', 'venv/lib/python3.12/site-packages/pip/_internal/locations/__init__.py', 'venv/lib/python3.12/site-packages/pip/_internal/commands/lock.py', 'venv/lib/python3.12/site-packages/pip/_internal/commands/completion.py', 'venv/lib/python3.12/site-packages/pip/_internal/metadata/_json.py', 'venv/lib/python3.12/site-packages/pip/_internal/commands/freeze.py', 'venv/lib/python3.12/site-packages/pip/_internal/commands/hash.py', 'venv/lib/python3.12/site-packages/pip/_internal/index/__init__.py', 'venv/lib/python3.12/site-packages/pip/_internal/utils/wheel.py', 'venv/lib/python3.12/site-packages/pip/_internal/index/collector.py', 'venv/lib/python3.12/site-packages/pip/_internal/utils/filetypes.py', 'venv/lib/python3.12/site-packages/pip/_internal/commands/configuration.py', 'venv/lib/python3.12/site-packages/pip/_internal/utils/glibc.py', 'venv/lib/python3.12/site-packages/pip/_internal/utils/_log.py', 'venv/lib/python3.12/site-packages/pip/_internal/distributions/installed.py', 'venv/lib/python3.12/site-packages/pip/_internal/utils/retry.py', 'venv/lib/python3.12/site-packages/pip/_internal/index/package_finder.py', 'venv/lib/python3.12/site-packages/pip/_internal/distributions/base.py', 'venv/lib/python3.12/site-packages/pip/_internal/utils/egg_link.py', 'venv/lib/python3.12/site-packages/pip/_internal/commands/help.py', 'venv/lib/python3.12/site-packages/pip/_internal/req/req_install.py', 'venv/lib/python3.12/site-packages/pip/_internal/req/__init__.py', 'venv/lib/python3.12/site-packages/pip/_internal/utils/packaging.py', 'venv/lib/python3.12/site-packages/pip/_internal/operations/prepare.py', 'venv/lib/python3.12/site-packages/pip/_internal/metadata/pkg_resources.py', 'venv/lib/python3.12/site-packages/pip/_internal/utils/__init__.py', 'venv/lib/python3.12/site-packages/pip/_internal/req/constructors.py', 'venv/lib/python3.12/site-packages/pip/_internal/locations/_distutils.py', 'venv/lib/python3.12/site-packages/pip/_internal/locations/base.py', 'venv/lib/python3.12/site-packages/pip/_internal/utils/pylock.py', 'venv/lib/python3.12/site-packages/pip/_internal/operations/__init__.py', 'venv/lib/python3.12/site-packages/pip/_internal/utils/subprocess.py', 'venv/lib/python3.12/site-packages/pip/_internal/utils/entrypoints.py', 'venv/lib/python3.12/site-packages/pip/_internal/req/req_dependency_group.py', 'venv/lib/python3.12/site-packages/pip/_internal/operations/freeze.py', 'venv/lib/python3.12/site-packages/pip/_internal/utils/temp_dir.py', 'venv/lib/python3.12/site-packages/pip/_internal/utils/appdirs.py', 'venv/lib/python3.12/site-packages/pip/_internal/index/sources.py', 'venv/lib/python3.12/site-packages/pip/_internal/commands/show.py', 'venv/lib/python3.12/site-packages/pip/_internal/metadata/__init__.py'. Reloading...
INFO:     Shutting down
INFO:     Waiting for application shutdown.
INFO:     Application shutdown complete.
INFO:     Finished server process [21200]
INFO:     Started server process [21206]
INFO:     Waiting for application startup.
2026-05-20 19:49:51,501 INFO DB 초기화 완료
INFO:     Application startup complete.
2026-05-20 19:49:52,043 INFO 28 changes detected
2026-05-20 19:49:53,425 INFO 16 changes detected
WARNING:  WatchFiles detected changes in 'venv/lib/python3.12/site-packages/fastapi/dependencies/models.py', 'venv/lib/python3.12/site-packages/fastapi/dependencies/utils.py', 'venv/lib/python3.12/site-packages/fastapi/dependencies/__init__.py'. Reloading...
INFO:     Shutting down
INFO:     Waiting for application shutdown.
INFO:     Application shutdown complete.
INFO:     Finished server process [21206]
INFO:     Started server process [21220]
INFO:     Waiting for application startup.
2026-05-20 19:49:54,462 INFO DB 초기화 완료
INFO:     Application startup complete.
2026-05-20 19:49:54,738 INFO 16 changes detected
WARNING:  WatchFiles detected changes in 'venv/lib/python3.12/site-packages/fastapi/middleware/wsgi.py', 'venv/lib/python3.12/site-packages/fastapi/middleware/gzip.py', 'venv/lib/python3.12/site-packages/pip/_internal/commands/install.py', 'venv/lib/python3.12/site-packages/pip/_internal/commands/__init__.py', 'venv/lib/python3.12/site-packages/pip/_internal/commands/search.py', 'venv/lib/python3.12/site-packages/pip/_internal/commands/uninstall.py'. Reloading...
INFO:     Shutting down
INFO:     Waiting for application shutdown.
INFO:     Application shutdown complete.
INFO:     Finished server process [21220]
INFO:     Started server process [21221]
INFO:     Waiting for application startup.
2026-05-20 19:49:55,697 INFO DB 초기화 완료
INFO:     Application startup complete.
2026-05-20 19:49:56,140 INFO 9 changes detected
WARNING:  WatchFiles detected changes in 'venv/lib/python3.12/site-packages/pip/_vendor/resolvelib/reporters.py', 'venv/lib/python3.12/site-packages/pip/_vendor/distlib/resources.py', 'venv/lib/python3.12/site-packages/pip/_vendor/distlib/util.py', 'venv/lib/python3.12/site-packages/pip/_vendor/requests/models.py', 'venv/lib/python3.12/site-packages/pip/_vendor/resolvelib/providers.py', 'venv/lib/python3.12/site-packages/pip/_vendor/distlib/scripts.py'. Reloading...
INFO:     Shutting down
INFO:     Waiting for application shutdown.
INFO:     Application shutdown complete.
INFO:     Finished server process [21221]
2026-05-20 19:49:56,945 INFO 16 changes detected
WARNING:  WatchFiles detected changes in 'venv/lib/python3.12/site-packages/pip/_vendor/pyproject_hooks/_impl.py', 'venv/lib/python3.12/site-packages/pip/_vendor/requests/auth.py', 'venv/lib/python3.12/site-packages/pip/_vendor/requests/__version__.py', 'venv/lib/python3.12/site-packages/pip/_vendor/requests/sessions.py', 'venv/lib/python3.12/site-packages/pip/_vendor/idna/idnadata.py', 'venv/lib/python3.12/site-packages/pip/_vendor/requests/help.py', 'venv/lib/python3.12/site-packages/pip/_vendor/requests/_internal_utils.py', 'venv/lib/python3.12/site-packages/pip/_vendor/requests/hooks.py', 'venv/lib/python3.12/site-packages/pip/_vendor/idna/package_data.py', 'venv/lib/python3.12/site-packages/pip/_vendor/requests/adapters.py', 'venv/lib/python3.12/site-packages/pip/_vendor/requests/compat.py', 'venv/lib/python3.12/site-packages/pip/_vendor/requests/status_codes.py', 'venv/lib/python3.12/site-packages/pip/_vendor/requests/packages.py', 'venv/lib/python3.12/site-packages/pip/_vendor/idna/intranges.py'. Reloading...
2026-05-20 19:49:57,681 INFO 46 changes detected
WARNING:  WatchFiles detected changes in 'venv/lib/python3.12/site-packages/pip/_vendor/rich/json.py', 'venv/lib/python3.12/site-packages/pip/_vendor/tomli/_parser.py', 'venv/lib/python3.12/site-packages/pip/_vendor/rich/containers.py', 'venv/lib/python3.12/site-packages/pip/_vendor/rich/_ratio.py', 'venv/lib/python3.12/site-packages/pip/_vendor/rich/layout.py', 'venv/lib/python3.12/site-packages/pip/_vendor/rich/table.py', 'venv/lib/python3.12/site-packages/fastapi/security/oauth2.py', 'venv/lib/python3.12/site-packages/pip/_vendor/rich/measure.py', 'venv/lib/python3.12/site-packages/pip/_vendor/packaging/direct_url.py', 'venv/lib/python3.12/site-packages/fastapi/security/utils.py', 'venv/lib/python3.12/site-packages/pip/_vendor/rich/styled.py', 'venv/lib/python3.12/site-packages/pip/_vendor/rich/panel.py', 'venv/lib/python3.12/site-packages/fastapi/openapi/constants.py', 'venv/lib/python3.12/site-packages/fastapi/security/base.py', 'venv/lib/python3.12/site-packages/pip/_vendor/rich/theme.py', 'venv/lib/python3.12/site-packages/pip/_vendor/packaging/_structures.py', 'venv/lib/python3.12/site-packages/uvicorn/middleware/proxy_headers.py', 'venv/lib/python3.12/site-packages/fastapi/openapi/utils.py', 'venv/lib/python3.12/site-packages/uvicorn/middleware/wsgi.py', 'venv/lib/python3.12/site-packages/pip/_vendor/packaging/utils.py', 'venv/lib/python3.12/site-packages/fastapi/middleware/cors.py', 'venv/lib/python3.12/site-packages/fastapi/openapi/models.py', 'venv/lib/python3.12/site-packages/fastapi/security/http.py', 'venv/lib/python3.12/site-packages/fastapi/security/__init__.py', 'venv/lib/python3.12/site-packages/fastapi/openapi/__init__.py', 'venv/lib/python3.12/site-packages/pip/_vendor/packaging/tags.py', 'venv/lib/python3.12/site-packages/pip/_vendor/rich/terminal_theme.py', 'venv/lib/python3.12/site-packages/fastapi/middleware/httpsredirect.py', 'venv/lib/python3.12/site-packages/fastapi/middleware/trustedhost.py', 'venv/lib/python3.12/site-packages/pip/_vendor/distro/__main__.py', 'venv/lib/python3.12/site-packages/pip/_vendor/tomli/__init__.py', 'venv/lib/python3.12/site-packages/fastapi/security/open_id_connect_url.py', 'venv/lib/python3.12/site-packages/fastapi/middleware/__init__.py', 'venv/lib/python3.12/site-packages/pip/_vendor/rich/_windows.py', 'venv/lib/python3.12/site-packages/pip/_vendor/rich/_fileno.py', 'venv/lib/python3.12/site-packages/pip/_vendor/truststore/_ssl_constants.py', 'venv/lib/python3.12/site-packages/uvicorn/middleware/asgi2.py', 'venv/lib/python3.12/site-packages/pip/_vendor/truststore/_macos.py', 'venv/lib/python3.12/site-packages/pip/_vendor/rich/_loop.py', 'venv/lib/python3.12/site-packages/fastapi/security/api_key.py', 'venv/lib/python3.12/site-packages/pip/_vendor/packaging/version.py', 'venv/lib/python3.12/site-packages/pip/_vendor/rich/align.py', 'venv/lib/python3.12/site-packages/fastapi/openapi/docs.py'. Reloading...
INFO:     Started server process [21355]
INFO:     Waiting for application startup.
2026-05-20 19:49:58,506 INFO DB 초기화 완료
INFO:     Application startup complete.
2026-05-20 19:49:58,531 INFO 61 changes detected
WARNING:  WatchFiles detected changes in 'venv/lib/python3.12/site-packages/uvicorn/protocols/utils.py', 'venv/lib/python3.12/site-packages/uvicorn/lifespan/__init__.py', 'venv/lib/python3.12/site-packages/uvicorn/loops/asyncio.py', 'venv/lib/python3.12/site-packages/markdown_it/rules_core/smartquotes.py', 'venv/lib/python3.12/site-packages/markdown_it/presets/default.py', 'venv/lib/python3.12/site-packages/markdown_it/presets/zero.py', 'venv/lib/python3.12/site-packages/uvicorn/middleware/message_logger.py', 'venv/lib/python3.12/site-packages/uvicorn/protocols/__init__.py', 'venv/lib/python3.12/site-packages/uvicorn/loops/uvloop.py', 'venv/lib/python3.12/site-packages/markdown_it/rules_core/inline.py', 'venv/lib/python3.12/site-packages/uvicorn/supervisors/statreload.py', 'venv/lib/python3.12/site-packages/uvicorn/loops/__init__.py', 'venv/lib/python3.12/site-packages/uvicorn/supervisors/watchfilesreload.py', 'venv/lib/python3.12/site-packages/uvicorn/loops/auto.py', 'venv/lib/python3.12/site-packages/markdown_it/presets/commonmark.py', 'venv/lib/python3.12/site-packages/markdown_it/rules_core/linkify.py', 'venv/lib/python3.12/site-packages/markdown_it/rules_core/normalize.py', 'venv/lib/python3.12/site-packages/markdown_it/presets/__init__.py', 'venv/lib/python3.12/site-packages/uvicorn/supervisors/watchgodreload.py', 'venv/lib/python3.12/site-packages/uvicorn/lifespan/off.py', 'venv/lib/python3.12/site-packages/uvicorn/lifespan/on.py', 'venv/lib/python3.12/site-packages/uvicorn/middleware/__init__.py', 'venv/lib/python3.12/site-packages/markdown_it/rules_core/text_join.py', 'venv/lib/python3.12/site-packages/uvicorn/supervisors/basereload.py', 'venv/lib/python3.12/site-packages/uvicorn/supervisors/__init__.py', 'venv/lib/python3.12/site-packages/uvicorn/supervisors/multiprocess.py'. Reloading...
INFO:     Shutting down
INFO:     Waiting for application shutdown.
INFO:     Application shutdown complete.
INFO:     Finished server process [21355]
2026-05-20 19:49:59,107 INFO 16 changes detected
WARNING:  WatchFiles detected changes in 'venv/lib/python3.12/site-packages/markdown_it/rules_block/paragraph.py', 'venv/lib/python3.12/site-packages/markdown_it/rules_block/list.py', 'venv/lib/python3.12/site-packages/markdown_it/rules_block/reference.py', 'venv/lib/python3.12/site-packages/markdown_it/rules_block/html_block.py', 'venv/lib/python3.12/site-packages/markdown_it/rules_block/heading.py', 'venv/lib/python3.12/site-packages/markdown_it/rules_block/table.py', 'venv/lib/python3.12/site-packages/markdown_it/rules_block/lheading.py', 'venv/lib/python3.12/site-packages/markdown_it/rules_block/code.py', 'venv/lib/python3.12/site-packages/markdown_it/rules_core/block.py', 'venv/lib/python3.12/site-packages/markdown_it/rules_core/__init__.py', 'venv/lib/python3.12/site-packages/markdown_it/rules_block/__init__.py', 'venv/lib/python3.12/site-packages/markdown_it/rules_block/fence.py', 'venv/lib/python3.12/site-packages/markdown_it/rules_block/state_block.py', 'venv/lib/python3.12/site-packages/markdown_it/rules_core/state_core.py', 'venv/lib/python3.12/site-packages/markdown_it/rules_core/replacements.py', 'venv/lib/python3.12/site-packages/markdown_it/rules_block/blockquote.py'. Reloading...
INFO:     Started server process [21362]
INFO:     Waiting for application startup.
2026-05-20 19:49:59,891 INFO DB 초기화 완료
INFO:     Application startup complete.
2026-05-20 19:50:00,061 INFO 1 change detected
WARNING:  WatchFiles detected changes in 'venv/lib/python3.12/site-packages/markdown_it/rules_block/hr.py'. Reloading...
INFO:     Shutting down
INFO:     Waiting for application shutdown.
INFO:     Application shutdown complete.
INFO:     Finished server process [21362]
INFO:     Started server process [21365]
INFO:     Waiting for application startup.
2026-05-20 19:50:01,026 INFO DB 초기화 완료
INFO:     Application startup complete.
2026-05-20 19:50:01,689 INFO 1 change detected
WARNING:  WatchFiles detected changes in 'venv/lib/python3.12/site-packages/markdown_it/cli/__init__.py'. Reloading...
INFO:     Shutting down
INFO:     Waiting for application shutdown.
INFO:     Application shutdown complete.
INFO:     Finished server process [21365]
2026-05-20 19:50:02,213 INFO 15 changes detected
WARNING:  WatchFiles detected changes in 'venv/lib/python3.12/site-packages/markdown_it/rules_inline/newline.py', 'venv/lib/python3.12/site-packages/markdown_it/rules_inline/autolink.py', 'venv/lib/python3.12/site-packages/markdown_it/rules_inline/__init__.py', 'venv/lib/python3.12/site-packages/markdown_it/rules_inline/escape.py', 'venv/lib/python3.12/site-packages/markdown_it/rules_inline/html_inline.py', 'venv/lib/python3.12/site-packages/markdown_it/rules_inline/image.py', 'venv/lib/python3.12/site-packages/markdown_it/rules_inline/fragments_join.py', 'venv/lib/python3.12/site-packages/markdown_it/rules_inline/balance_pairs.py', 'venv/lib/python3.12/site-packages/markdown_it/rules_inline/strikethrough.py', 'venv/lib/python3.12/site-packages/markdown_it/rules_inline/linkify.py', 'venv/lib/python3.12/site-packages/markdown_it/rules_inline/emphasis.py', 'venv/lib/python3.12/site-packages/markdown_it/rules_inline/state_inline.py', 'venv/lib/python3.12/site-packages/markdown_it/cli/parse.py', 'venv/lib/python3.12/site-packages/markdown_it/rules_inline/text.py', 'venv/lib/python3.12/site-packages/markdown_it/rules_inline/link.py'. Reloading...
2026-05-20 19:50:02,583 INFO 21 changes detected
WARNING:  WatchFiles detected changes in 'venv/lib/python3.12/site-packages/markdown_it/helpers/__init__.py', 'venv/lib/python3.12/site-packages/markdown_it/common/utils.py', 'venv/lib/python3.12/site-packages/markdown_it/helpers/parse_link_title.py', 'venv/lib/python3.12/site-packages/markdown_it/rules_inline/backticks.py', 'venv/lib/python3.12/site-packages/markdown_it/helpers/parse_link_label.py', 'venv/lib/python3.12/site-packages/markdown_it/helpers/parse_link_destination.py', 'venv/lib/python3.12/site-packages/markdown_it/common/html_blocks.py', 'venv/lib/python3.12/site-packages/markdown_it/common/normalize_url.py', 'venv/lib/python3.12/site-packages/markdown_it/rules_inline/entity.py'. Reloading...
2026-05-20 19:50:02,948 INFO 22 changes detected
WARNING:  WatchFiles detected changes in 'venv/lib/python3.12/site-packages/starlette/middleware/__init__.py', 'venv/lib/python3.12/site-packages/starlette/middleware/cors.py', 'venv/lib/python3.12/site-packages/starlette/middleware/wsgi.py', 'venv/lib/python3.12/site-packages/markdown_it/common/__init__.py', 'venv/lib/python3.12/site-packages/starlette/middleware/exceptions.py', 'venv/lib/python3.12/site-packages/markdown_it/common/entities.py', 'venv/lib/python3.12/site-packages/starlette/middleware/authentication.py', 'venv/lib/python3.12/site-packages/markdown_it/common/html_re.py', 'venv/lib/python3.12/site-packages/starlette/middleware/base.py', 'venv/lib/python3.12/site-packages/starlette/middleware/sessions.py', 'venv/lib/python3.12/site-packages/starlette/middleware/trustedhost.py', 'venv/lib/python3.12/site-packages/starlette/middleware/errors.py', 'venv/lib/python3.12/site-packages/starlette/middleware/httpsredirect.py', 'venv/lib/python3.12/site-packages/starlette/middleware/gzip.py'. Reloading...
INFO:     Started server process [21375]
INFO:     Waiting for application startup.
2026-05-20 19:50:03,736 INFO DB 초기화 완료
INFO:     Application startup complete.
2026-05-20 19:50:03,838 INFO 21 changes detected
2026-05-20 19:50:06,078 INFO 16 changes detected
WARNING:  WatchFiles detected changes in 'venv/lib/python3.12/site-packages/charset_normalizer/cli/__main__.py', 'venv/lib/python3.12/site-packages/charset_normalizer/cli/__init__.py'. Reloading...
INFO:     Shutting down
INFO:     Waiting for application shutdown.
INFO:     Application shutdown complete.
INFO:     Finished server process [21375]
INFO:     Started server process [21385]
INFO:     Waiting for application startup.
2026-05-20 19:50:07,081 INFO DB 초기화 완료
INFO:     Application startup complete.
2026-05-20 19:50:07,758 INFO 16 changes detected
WARNING:  WatchFiles detected changes in 'venv/lib/python3.12/site-packages/pip/_internal/self_outdated_check.py', 'venv/lib/python3.12/site-packages/pip/_internal/main.py', 'venv/lib/python3.12/site-packages/pip/_internal/configuration.py', 'venv/lib/python3.12/site-packages/pip/_internal/__init__.py', 'venv/lib/python3.12/site-packages/pip/_internal/build_env.py', 'venv/lib/python3.12/site-packages/pip/_internal/wheel_builder.py', 'venv/lib/python3.12/site-packages/pip/_internal/exceptions.py', 'venv/lib/python3.12/site-packages/pip/_internal/cache.py', 'venv/lib/python3.12/site-packages/pip/_internal/pyproject.py'. Reloading...
INFO:     Shutting down
INFO:     Waiting for application shutdown.
INFO:     Application shutdown complete.
INFO:     Finished server process [21385]
2026-05-20 19:50:08,275 INFO 16 changes detected
WARNING:  WatchFiles detected changes in 'venv/lib/python3.12/site-packages/pip/_vendor/__init__.py', 'venv/lib/python3.12/site-packages/pyasn1/type/char.py', 'venv/lib/python3.12/site-packages/pyasn1/type/namedtype.py', 'venv/lib/python3.12/site-packages/pyasn1/type/base.py', 'venv/lib/python3.12/site-packages/pyasn1/type/error.py', 'venv/lib/python3.12/site-packages/pyasn1/type/tag.py', 'venv/lib/python3.12/site-packages/pyasn1/type/univ.py', 'venv/lib/python3.12/site-packages/pyasn1/type/__init__.py', 'venv/lib/python3.12/site-packages/pyasn1/codec/__init__.py', 'venv/lib/python3.12/site-packages/pyasn1/codec/streaming.py'. Reloading...
INFO:     Started server process [21389]
INFO:     Waiting for application startup.
2026-05-20 19:50:09,071 INFO DB 초기화 완료
INFO:     Application startup complete.
2026-05-20 19:50:09,115 INFO 3 changes detected
WARNING:  WatchFiles detected changes in 'venv/lib/python3.12/site-packages/pyasn1/type/useful.py', 'venv/lib/python3.12/site-packages/pyasn1/type/opentype.py', 'venv/lib/python3.12/site-packages/pyasn1/type/constraint.py'. Reloading...
INFO:     Shutting down
INFO:     Waiting for application shutdown.
INFO:     Application shutdown complete.
INFO:     Finished server process [21389]
INFO:     Started server process [21395]
INFO:     Waiting for application startup.
2026-05-20 19:50:10,111 INFO DB 초기화 완료
INFO:     Application startup complete.
2026-05-20 19:50:10,512 INFO 1 change detected
2026-05-20 19:50:12,051 INFO 127 changes detected
WARNING:  WatchFiles detected changes in 'venv/lib/python3.12/site-packages/pyasn1/compat/__init__.py', 'venv/lib/python3.12/site-packages/anyio/_core/__init__.py', 'venv/lib/python3.12/site-packages/anyio/streams/tls.py', 'venv/lib/python3.12/site-packages/rich_toolkit/styles/base.py', 'venv/lib/python3.12/site-packages/anyio/_core/_exceptions.py', 'venv/lib/python3.12/site-packages/sniffio/_tests/test_sniffio.py', 'venv/lib/python3.12/site-packages/sniffio/_tests/__init__.py', 'venv/lib/python3.12/site-packages/rich_toolkit/utils/colors.py', 'venv/lib/python3.12/site-packages/anyio/abc/_streams.py', 'venv/lib/python3.12/site-packages/rich_toolkit/utils/map_range.py', 'venv/lib/python3.12/site-packages/rich_toolkit/styles/tagged.py', 'venv/lib/python3.12/site-packages/rich_toolkit/styles/minimal.py', 'venv/lib/python3.12/site-packages/anyio/abc/_tasks.py', 'venv/lib/python3.12/site-packages/anyio/_core/_contextmanagers.py', 'venv/lib/python3.12/site-packages/pyasn1/compat/integer.py', 'venv/lib/python3.12/site-packages/anyio/streams/stapled.py', 'venv/lib/python3.12/site-packages/anyio/_core/_subprocesses.py', 'venv/lib/python3.12/site-packages/anyio/abc/_eventloop.py', 'venv/lib/python3.12/site-packages/anyio/streams/text.py', 'venv/lib/python3.12/site-packages/fastapi_cli/utils/cli.py', 'venv/lib/python3.12/site-packages/anyio/abc/_subprocesses.py', 'venv/lib/python3.12/site-packages/rich_toolkit/styles/__init__.py', 'venv/lib/python3.12/site-packages/rich_toolkit/styles/border.py', 'venv/lib/python3.12/site-packages/anyio/abc/__init__.py', 'venv/lib/python3.12/site-packages/anyio/_core/_synchronization.py', 'venv/lib/python3.12/site-packages/anyio/streams/__init__.py', 'venv/lib/python3.12/site-packages/anyio/_core/_tasks.py', 'venv/lib/python3.12/site-packages/rich_toolkit/styles/fancy.py', 'venv/lib/python3.12/site-packages/anyio/streams/file.py', 'venv/lib/python3.12/site-packages/anyio/_core/_resources.py', 'venv/lib/python3.12/site-packages/anyio/_core/_asyncio_selector_thread.py', 'venv/lib/python3.12/site-packages/anyio/_core/_eventloop.py', 'venv/lib/python3.12/site-packages/anyio/streams/memory.py', 'venv/lib/python3.12/site-packages/anyio/_core/_signals.py', 'venv/lib/python3.12/site-packages/anyio/_core/_streams.py', 'venv/lib/python3.12/site-packages/anyio/abc/_sockets.py', 'venv/lib/python3.12/site-packages/anyio/_backends/__init__.py', 'venv/lib/python3.12/site-packages/anyio/abc/_resources.py', 'venv/lib/python3.12/site-packages/fastapi_cli/utils/__init__.py', 'venv/lib/python3.12/site-packages/anyio/_core/_testing.py', 'venv/lib/python3.12/site-packages/anyio/_core/_typedattr.py', 'venv/lib/python3.12/site-packages/anyio/abc/_testing.py', 'venv/lib/python3.12/site-packages/pyasn1/type/namedval.py', 'venv/lib/python3.12/site-packages/pyasn1/type/tagmap.py', 'venv/lib/python3.12/site-packages/rich_toolkit/utils/__init__.py', 'venv/lib/python3.12/site-packages/anyio/_core/_tempfile.py', 'venv/lib/python3.12/site-packages/anyio/streams/buffered.py'. Reloading...
INFO:     Shutting down
INFO:     Waiting for application shutdown.
INFO:     Application shutdown complete.
INFO:     Finished server process [21395]
2026-05-20 19:50:12,985 INFO 16 changes detected
WARNING:  WatchFiles detected changes in 'venv/lib/python3.12/site-packages/websockets/asyncio/messages.py', 'venv/lib/python3.12/site-packages/websockets/asyncio/router.py'. Reloading...
INFO:     Started server process [21407]
INFO:     Waiting for application startup.
2026-05-20 19:50:13,771 INFO DB 초기화 완료
INFO:     Application startup complete.
2026-05-20 19:50:14,210 INFO 16 changes detected
WARNING:  WatchFiles detected changes in 'venv/lib/python3.12/site-packages/websockets/asyncio/async_timeout.py', 'venv/lib/python3.12/site-packages/websockets/legacy/framing.py', 'venv/lib/python3.12/site-packages/websockets/sync/messages.py', 'venv/lib/python3.12/site-packages/websockets/legacy/http.py', 'venv/lib/python3.12/site-packages/websockets/sync/utils.py', 'venv/lib/python3.12/site-packages/websockets/legacy/__init__.py', 'venv/lib/python3.12/site-packages/websockets/extensions/__init__.py', 'venv/lib/python3.12/site-packages/websockets/asyncio/__init__.py', 'venv/lib/python3.12/site-packages/websockets/asyncio/compatibility.py', 'venv/lib/python3.12/site-packages/websockets/sync/__init__.py', 'venv/lib/python3.12/site-packages/websockets/sync/client.py', 'venv/lib/python3.12/site-packages/websockets/sync/router.py', 'venv/lib/python3.12/site-packages/websockets/legacy/exceptions.py', 'venv/lib/python3.12/site-packages/websockets/legacy/handshake.py', 'venv/lib/python3.12/site-packages/websockets/extensions/base.py', 'venv/lib/python3.12/site-packages/websockets/legacy/auth.py'. Reloading...
INFO:     Shutting down
INFO:     Waiting for application shutdown.
INFO:     Application shutdown complete.
INFO:     Finished server process [21407]
2026-05-20 19:50:14,762 INFO 12 changes detected
WARNING:  WatchFiles detected changes in 'venv/lib/python3.12/site-packages/httpcore/_backends/anyio.py', 'venv/lib/python3.12/site-packages/httpcore/_backends/base.py', 'venv/lib/python3.12/site-packages/httpcore/_backends/__init__.py', 'venv/lib/python3.12/site-packages/httpcore/_backends/auto.py', 'venv/lib/python3.12/site-packages/httpcore/_sync/__init__.py', 'venv/lib/python3.12/site-packages/httpcore/_sync/socks_proxy.py', 'venv/lib/python3.12/site-packages/httpcore/_backends/trio.py', 'venv/lib/python3.12/site-packages/httpcore/_backends/sync.py', 'venv/lib/python3.12/site-packages/httpcore/_sync/http11.py', 'venv/lib/python3.12/site-packages/httpcore/_sync/interfaces.py', 'venv/lib/python3.12/site-packages/httpcore/_sync/http_proxy.py', 'venv/lib/python3.12/site-packages/httpcore/_backends/mock.py'. Reloading...
INFO:     Started server process [21412]
INFO:     Waiting for application startup.
2026-05-20 19:50:15,587 INFO DB 초기화 완료
INFO:     Application startup complete.
2026-05-20 19:50:15,815 INFO 16 changes detected
WARNING:  WatchFiles detected changes in 'venv/lib/python3.12/site-packages/httpcore/_sync/connection.py', 'venv/lib/python3.12/site-packages/httpcore/_async/http_proxy.py', 'venv/lib/python3.12/site-packages/httpcore/_sync/connection_pool.py', 'venv/lib/python3.12/site-packages/httpcore/_async/http11.py', 'venv/lib/python3.12/site-packages/httpcore/_async/connection.py', 'venv/lib/python3.12/site-packages/httpcore/_async/interfaces.py', 'venv/lib/python3.12/site-packages/httpcore/_async/socks_proxy.py', 'venv/lib/python3.12/site-packages/httpcore/_async/__init__.py'. Reloading...
INFO:     Shutting down
INFO:     Waiting for application shutdown.
INFO:     Application shutdown complete.
INFO:     Finished server process [21412]
2026-05-20 19:50:16,469 INFO 21 changes detected
WARNING:  WatchFiles detected changes in 'venv/lib/python3.12/site-packages/httpcore/_async/connection_pool.py', 'venv/lib/python3.12/site-packages/httptools/parser/protocol.py', 'venv/lib/python3.12/site-packages/httptools/parser/errors.py', 'venv/lib/python3.12/site-packages/httptools/parser/__init__.py'. Reloading...
2026-05-20 19:50:16,834 INFO 7 changes detected
WARNING:  WatchFiles detected changes in 'venv/lib/python3.12/site-packages/feedparser/parsers/__init__.py', 'venv/lib/python3.12/site-packages/feedparser/parsers/loose.py'. Reloading...
INFO:     Started server process [21537]
INFO:     Waiting for application startup.
2026-05-20 19:50:17,678 INFO DB 초기화 완료
INFO:     Application startup complete.
2026-05-20 19:50:18,003 INFO 16 changes detected
WARNING:  WatchFiles detected changes in 'venv/lib/python3.12/site-packages/feedparser/namespaces/_base.py', 'venv/lib/python3.12/site-packages/feedparser/namespaces/admin.py', 'venv/lib/python3.12/site-packages/feedparser/namespaces/psc.py', 'venv/lib/python3.12/site-packages/feedparser/namespaces/mediarss.py', 'venv/lib/python3.12/site-packages/feedparser/datetimes/__init__.py', 'venv/lib/python3.12/site-packages/feedparser/datetimes/greek.py', 'venv/lib/python3.12/site-packages/feedparser/namespaces/georss.py', 'venv/lib/python3.12/site-packages/feedparser/datetimes/rfc822.py', 'venv/lib/python3.12/site-packages/feedparser/datetimes/asctime.py', 'venv/lib/python3.12/site-packages/feedparser/datetimes/iso8601.py', 'venv/lib/python3.12/site-packages/feedparser/datetimes/korean.py', 'venv/lib/python3.12/site-packages/feedparser/datetimes/perforce.py', 'venv/lib/python3.12/site-packages/feedparser/parsers/strict.py', 'venv/lib/python3.12/site-packages/feedparser/namespaces/cc.py', 'venv/lib/python3.12/site-packages/feedparser/datetimes/hungarian.py', 'venv/lib/python3.12/site-packages/feedparser/datetimes/w3dtf.py'. Reloading...
INFO:     Shutting down
INFO:     Waiting for application shutdown.
INFO:     Application shutdown complete.
INFO:     Finished server process [21537]
2026-05-20 19:50:18,938 INFO 17 changes detected
WARNING:  WatchFiles detected changes in 'venv/lib/python3.12/site-packages/pygments/formatters/other.py', 'venv/lib/python3.12/site-packages/pygments/formatters/terminal256.py', 'venv/lib/python3.12/site-packages/feedparser/namespaces/dc.py', 'venv/lib/python3.12/site-packages/pygments/formatters/latex.py', 'venv/lib/python3.12/site-packages/pygments/formatters/pangomarkup.py', 'venv/lib/python3.12/site-packages/pygments/formatters/rtf.py', 'venv/lib/python3.12/site-packages/pygments/formatters/bbcode.py', 'venv/lib/python3.12/site-packages/feedparser/namespaces/itunes.py', 'venv/lib/python3.12/site-packages/pygments/formatters/terminal.py', 'venv/lib/python3.12/site-packages/pygments/formatters/svg.py', 'venv/lib/python3.12/site-packages/feedparser/namespaces/__init__.py', 'venv/lib/python3.12/site-packages/pygments/formatters/__init__.py', 'venv/lib/python3.12/site-packages/pygments/formatters/groff.py', 'venv/lib/python3.12/site-packages/pygments/formatters/_mapping.py'. Reloading...
INFO:     Started server process [21543]
INFO:     Waiting for application startup.
2026-05-20 19:50:19,753 INFO DB 초기화 완료
INFO:     Application startup complete.
2026-05-20 19:50:21,010 INFO 16 changes detected
WARNING:  WatchFiles detected changes in 'venv/lib/python3.12/site-packages/pygments/lexers/mips.py', 'venv/lib/python3.12/site-packages/pygments/formatters/irc.py', 'venv/lib/python3.12/site-packages/pygments/lexers/ruby.py'. Reloading...
INFO:     Shutting down
INFO:     Waiting for application shutdown.
INFO:     Application shutdown complete.
INFO:     Finished server process [21543]
2026-05-20 19:50:21,761 INFO 14 changes detected
WARNING:  WatchFiles detected changes in 'venv/lib/python3.12/site-packages/pygments/lexers/verifpal.py', 'venv/lib/python3.12/site-packages/pygments/lexers/rust.py', 'venv/lib/python3.12/site-packages/pygments/lexers/promql.py', 'venv/lib/python3.12/site-packages/pygments/lexers/_googlesql_builtins.py', 'venv/lib/python3.12/site-packages/pygments/lexers/nimrod.py', 'venv/lib/python3.12/site-packages/pygments/lexers/minecraft.py', 'venv/lib/python3.12/site-packages/pygments/lexers/actionscript.py', 'venv/lib/python3.12/site-packages/pygments/lexers/html.py', 'venv/lib/python3.12/site-packages/pygments/lexers/_usd_builtins.py', 'venv/lib/python3.12/site-packages/pygments/lexers/stata.py', 'venv/lib/python3.12/site-packages/pygments/lexers/sophia.py', 'venv/lib/python3.12/site-packages/pygments/lexers/resource.py', 'venv/lib/python3.12/site-packages/pygments/lexers/robotframework.py', 'venv/lib/python3.12/site-packages/pygments/lexers/verification.py'. Reloading...
INFO:     Started server process [21556]
INFO:     Waiting for application startup.
2026-05-20 19:50:22,559 INFO DB 초기화 완료
INFO:     Application startup complete.
2026-05-20 19:50:22,612 INFO 1 change detected
WARNING:  WatchFiles detected changes in 'venv/lib/python3.12/site-packages/pygments/lexers/clean.py'. Reloading...
INFO:     Shutting down
INFO:     Waiting for application shutdown.
INFO:     Application shutdown complete.
INFO:     Finished server process [21556]
INFO:     Started server process [21562]
INFO:     Waiting for application startup.
2026-05-20 19:50:23,663 INFO DB 초기화 완료
INFO:     Application startup complete.
2026-05-20 19:50:25,752 INFO 16 changes detected
WARNING:  WatchFiles detected changes in 'venv/lib/python3.12/site-packages/pygments/lexers/arturo.py', 'venv/lib/python3.12/site-packages/pygments/lexers/teal.py', 'venv/lib/python3.12/site-packages/pygments/lexers/savi.py', 'venv/lib/python3.12/site-packages/pygments/lexers/console.py', 'venv/lib/python3.12/site-packages/pygments/lexers/julia.py', 'venv/lib/python3.12/site-packages/pygments/lexers/tcl.py', 'venv/lib/python3.12/site-packages/pygments/lexers/numbair.py', 'venv/lib/python3.12/site-packages/pygments/lexers/gsql.py', 'venv/lib/python3.12/site-packages/pygments/lexers/_ada_builtins.py', 'venv/lib/python3.12/site-packages/pygments/lexers/kuin.py', 'venv/lib/python3.12/site-packages/pygments/lexers/compiled.py', 'venv/lib/python3.12/site-packages/pygments/lexers/_csound_builtins.py', 'venv/lib/python3.12/site-packages/pygments/lexers/diff.py', 'venv/lib/python3.12/site-packages/pygments/lexers/wowtoc.py', 'venv/lib/python3.12/site-packages/pygments/lexers/kusto.py', 'venv/lib/python3.12/site-packages/pygments/lexers/procfile.py'. Reloading...
INFO:     Shutting down
INFO:     Waiting for application shutdown.
INFO:     Application shutdown complete.
INFO:     Finished server process [21562]
2026-05-20 19:50:26,526 INFO 84 changes detected
WARNING:  WatchFiles detected changes in 'venv/lib/python3.12/site-packages/pygments/lexers/nit.py', 'venv/lib/python3.12/site-packages/pygments/lexers/openscad.py', 'venv/lib/python3.12/site-packages/pygments/lexers/_luau_builtins.py', 'venv/lib/python3.12/site-packages/pygments/lexers/tablegen.py', 'venv/lib/python3.12/site-packages/pygments/lexers/d.py', 'venv/lib/python3.12/site-packages/pygments/lexers/dylan.py', 'venv/lib/python3.12/site-packages/pygments/lexers/cplint.py', 'venv/lib/python3.12/site-packages/pygments/lexers/rdf.py', 'venv/lib/python3.12/site-packages/pygments/lexers/yara.py', 'venv/lib/python3.12/site-packages/pygments/lexers/json5.py', 'venv/lib/python3.12/site-packages/pygments/lexers/j.py', 'venv/lib/python3.12/site-packages/pygments/lexers/phix.py', 'venv/lib/python3.12/site-packages/pygments/lexers/parasail.py', 'venv/lib/python3.12/site-packages/pygments/lexers/maxima.py', 'venv/lib/python3.12/site-packages/pygments/lexers/gdscript.py', 'venv/lib/python3.12/site-packages/pygments/lexers/erlang.py', 'venv/lib/python3.12/site-packages/pygments/lexers/zig.py', 'venv/lib/python3.12/site-packages/pygments/lexers/meson.py', 'venv/lib/python3.12/site-packages/pygments/lexers/grammar_notation.py', 'venv/lib/python3.12/site-packages/pygments/lexers/unicon.py', 'venv/lib/python3.12/site-packages/pygments/lexers/smithy.py', 'venv/lib/python3.12/site-packages/pygments/lexers/praat.py', 'venv/lib/python3.12/site-packages/pygments/lexers/algebra.py', 'venv/lib/python3.12/site-packages/pygments/lexers/_tsql_builtins.py', 'venv/lib/python3.12/site-packages/pygments/lexers/mime.py', 'venv/lib/python3.12/site-packages/pygments/lexers/eiffel.py', 'venv/lib/python3.12/site-packages/pygments/lexers/supercollider.py', 'venv/lib/python3.12/site-packages/pygments/lexers/webassembly.py', 'venv/lib/python3.12/site-packages/pygments/lexers/vip.py', 'venv/lib/python3.12/site-packages/pygments/lexers/_postgres_builtins.py', 'venv/lib/python3.12/site-packages/pygments/lexers/automation.py', 'venv/lib/python3.12/site-packages/pygments/lexers/futhark.py', 'venv/lib/python3.12/site-packages/pygments/lexers/codeql.py', 'venv/lib/python3.12/site-packages/pygments/lexers/snobol.py', 'venv/lib/python3.12/site-packages/pygments/lexers/special.py', 'venv/lib/python3.12/site-packages/pygments/lexers/smalltalk.py', 'venv/lib/python3.12/site-packages/pygments/lexers/ul4.py', 'venv/lib/python3.12/site-packages/pygments/lexers/blueprint.py', 'venv/lib/python3.12/site-packages/pygments/lexers/wren.py', 'venv/lib/python3.12/site-packages/pygments/lexers/floscript.py', 'venv/lib/python3.12/site-packages/pygments/lexers/jslt.py', 'venv/lib/python3.12/site-packages/pygments/lexers/bdd.py', 'venv/lib/python3.12/site-packages/pygments/lexers/hare.py', 'venv/lib/python3.12/site-packages/pygments/lexers/_css_builtins.py', 'venv/lib/python3.12/site-packages/pygments/lexers/monte.py', 'venv/lib/python3.12/site-packages/pygments/lexers/other.py', 'venv/lib/python3.12/site-packages/pygments/lexers/gcodelexer.py', 'venv/lib/python3.12/site-packages/pygments/lexers/thingsdb.py', 'venv/lib/python3.12/site-packages/pygments/lexers/ada.py', 'venv/lib/python3.12/site-packages/pygments/lexers/maple.py', 'venv/lib/python3.12/site-packages/pygments/lexers/srcinfo.py', 'venv/lib/python3.12/site-packages/pygments/lexers/tal.py', 'venv/lib/python3.12/site-packages/pygments/lexers/fift.py', 'venv/lib/python3.12/site-packages/pygments/lexers/c_cpp.py', 'venv/lib/python3.12/site-packages/pygments/lexers/testing.py', 'venv/lib/python3.12/site-packages/pygments/lexers/iolang.py', 'venv/lib/python3.12/site-packages/pygments/lexers/rita.py', 'venv/lib/python3.12/site-packages/pygments/lexers/idl.py', 'venv/lib/python3.12/site-packages/pygments/lexers/textfmts.py', 'venv/lib/python3.12/site-packages/pygments/lexers/elpi.py', 'venv/lib/python3.12/site-packages/pygments/lexers/graphql.py', 'venv/lib/python3.12/site-packages/pygments/lexers/pascal.py', 'venv/lib/python3.12/site-packages/pygments/lexers/tlb.py', 'venv/lib/python3.12/site-packages/pygments/lexers/tls.py', 'venv/lib/python3.12/site-packages/pygments/lexers/forth.py', 'venv/lib/python3.12/site-packages/pygments/lexers/sas.py', 'venv/lib/python3.12/site-packages/pygments/lexers/php.py', 'venv/lib/python3.12/site-packages/pygments/lexers/q.py', 'venv/lib/python3.12/site-packages/pygments/lexers/tnt.py', 'venv/lib/python3.12/site-packages/pygments/lexers/fortran.py', 'venv/lib/python3.12/site-packages/pygments/lexers/ooc.py', 'venv/lib/python3.12/site-packages/pygments/lexers/ecl.py', 'venv/lib/python3.12/site-packages/pygments/lexers/_julia_builtins.py', 'venv/lib/python3.12/site-packages/pygments/lexers/dalvik.py', 'venv/lib/python3.12/site-packages/pygments/lexers/asn1.py', 'venv/lib/python3.12/site-packages/pygments/lexers/web.py', 'venv/lib/python3.12/site-packages/pygments/lexers/qvt.py', 'venv/lib/python3.12/site-packages/pygments/lexers/x10.py', 'venv/lib/python3.12/site-packages/pygments/lexers/webidl.py', 'venv/lib/python3.12/site-packages/pygments/lexers/solidity.py', 'venv/lib/python3.12/site-packages/pygments/lexers/apl.py', 'venv/lib/python3.12/site-packages/pygments/lexers/agile.py', 'venv/lib/python3.12/site-packages/pygments/lexers/teraterm.py', 'venv/lib/python3.12/site-packages/pygments/lexers/data.py'. Reloading...
2026-05-20 19:50:26,894 INFO 7 changes detected
WARNING:  WatchFiles detected changes in 'venv/lib/python3.12/site-packages/pygments/lexers/roboconf.py', 'venv/lib/python3.12/site-packages/pygments/lexers/factor.py', 'venv/lib/python3.12/site-packages/pygments/lexers/jmespath.py', 'venv/lib/python3.12/site-packages/pygments/lexers/hdl.py', 'venv/lib/python3.12/site-packages/pygments/lexers/haxe.py', 'venv/lib/python3.12/site-packages/pygments/lexers/inferno.py', 'venv/lib/python3.12/site-packages/pygments/lexers/_stan_builtins.py'. Reloading...
2026-05-20 19:50:27,736 INFO 16 changes detected
WARNING:  WatchFiles detected changes in 'venv/lib/python3.12/site-packages/pygments/lexers/ride.py', 'venv/lib/python3.12/site-packages/pygments/lexers/qlik.py', 'venv/lib/python3.12/site-packages/pygments/lexers/mosel.py', 'venv/lib/python3.12/site-packages/pygments/lexers/pawn.py', 'venv/lib/python3.12/site-packages/pygments/lexers/textedit.py', 'venv/lib/python3.12/site-packages/pygments/lexers/cddl.py', 'venv/lib/python3.12/site-packages/pygments/lexers/spice.py', 'venv/lib/python3.12/site-packages/pygments/lexers/_cl_builtins.py', 'venv/lib/python3.12/site-packages/pygments/lexers/fantom.py', 'venv/lib/python3.12/site-packages/pygments/lexers/make.py', 'venv/lib/python3.12/site-packages/pygments/lexers/hexdump.py', 'venv/lib/python3.12/site-packages/pygments/lexers/varnish.py', 'venv/lib/python3.12/site-packages/pygments/lexers/pddl.py', 'venv/lib/python3.12/site-packages/pygments/lexers/math.py', 'venv/lib/python3.12/site-packages/pygments/lexers/chapel.py', 'venv/lib/python3.12/site-packages/pygments/lexers/bqn.py'. Reloading...
INFO:     Started server process [21570]
INFO:     Waiting for application startup.
2026-05-20 19:50:28,546 INFO DB 초기화 완료
INFO:     Application startup complete.
2026-05-20 19:50:28,910 INFO 4 changes detected
WARNING:  WatchFiles detected changes in 'venv/lib/python3.12/site-packages/pygments/lexers/_lua_builtins.py', 'venv/lib/python3.12/site-packages/pygments/lexers/_vbscript_builtins.py', 'venv/lib/python3.12/site-packages/pygments/lexers/jsonnet.py', 'venv/lib/python3.12/site-packages/pygments/lexers/_qlik_builtins.py'. Reloading...
INFO:     Shutting down
INFO:     Waiting for application shutdown.
INFO:     Application shutdown complete.
INFO:     Finished server process [21570]
INFO:     Started server process [21571]
INFO:     Waiting for application startup.
2026-05-20 19:50:29,922 INFO DB 초기화 완료
INFO:     Application startup complete.
2026-05-20 19:50:30,743 INFO 80 changes detected
WARNING:  WatchFiles detected changes in 'venv/lib/python3.12/site-packages/pygments/lexers/sgf.py', 'venv/lib/python3.12/site-packages/pygments/lexers/dns.py', 'venv/lib/python3.12/site-packages/pygments/lexers/comal.py', 'venv/lib/python3.12/site-packages/pygments/styles/bw.py', 'venv/lib/python3.12/site-packages/pygments/lexers/typst.py', 'venv/lib/python3.12/site-packages/pygments/styles/tango.py', 'venv/lib/python3.12/site-packages/pygments/lexers/nix.py', 'venv/lib/python3.12/site-packages/pygments/styles/_mapping.py', 'venv/lib/python3.12/site-packages/pygments/lexers/soong.py', 'venv/lib/python3.12/site-packages/pygments/styles/rainbow_dash.py', 'venv/lib/python3.12/site-packages/pygments/lexers/xorg.py', 'venv/lib/python3.12/site-packages/pygments/lexers/smv.py', 'venv/lib/python3.12/site-packages/pygments/styles/lovelace.py', 'venv/lib/python3.12/site-packages/pygments/lexers/prolog.py', 'venv/lib/python3.12/site-packages/pygments/lexers/graphviz.py', 'venv/lib/python3.12/site-packages/pygments/lexers/func.py', 'venv/lib/python3.12/site-packages/pygments/lexers/apdlexer.py', 'venv/lib/python3.12/site-packages/pygments/lexers/devicetree.py', 'venv/lib/python3.12/site-packages/pygments/styles/coffee.py', 'venv/lib/python3.12/site-packages/pygments/lexers/scdoc.py', 'venv/lib/python3.12/site-packages/pygments/lexers/vyper.py', 'venv/lib/python3.12/site-packages/pygments/lexers/go.py', 'venv/lib/python3.12/site-packages/pygments/styles/abap.py', 'venv/lib/python3.12/site-packages/pygments/lexers/oberon.py', 'venv/lib/python3.12/site-packages/pygments/lexers/functional.py', 'venv/lib/python3.12/site-packages/pygments/styles/colorful.py', 'venv/lib/python3.12/site-packages/pygments/lexers/ptx.py', 'venv/lib/python3.12/site-packages/pygments/lexers/crystal.py', 'venv/lib/python3.12/site-packages/pygments/lexers/gleam.py', 'venv/lib/python3.12/site-packages/pygments/styles/material.py', 'venv/lib/python3.12/site-packages/pygments/styles/friendly.py', 'venv/lib/python3.12/site-packages/pygments/lexers/pointless.py', 'venv/lib/python3.12/site-packages/pygments/lexers/basic.py', 'venv/lib/python3.12/site-packages/pygments/lexers/rebol.py', 'venv/lib/python3.12/site-packages/pygments/lexers/theorem.py', 'venv/lib/python3.12/site-packages/pygments/lexers/arrow.py', 'venv/lib/python3.12/site-packages/pygments/lexers/archetype.py', 'venv/lib/python3.12/site-packages/pygments/styles/autumn.py', 'venv/lib/python3.12/site-packages/pygments/lexers/jsx.py', 'venv/lib/python3.12/site-packages/pygments/lexers/lilypond.py', 'venv/lib/python3.12/site-packages/pygments/lexers/r.py', 'venv/lib/python3.12/site-packages/pygments/lexers/dax.py', 'venv/lib/python3.12/site-packages/pygments/lexers/ezhil.py', 'venv/lib/python3.12/site-packages/pygments/lexers/rnc.py', 'venv/lib/python3.12/site-packages/pygments/lexers/lean.py', 'venv/lib/python3.12/site-packages/pygments/lexers/ambient.py', 'venv/lib/python3.12/site-packages/pygments/lexers/amdgpu.py', 'venv/lib/python3.12/site-packages/pygments/lexers/bibtex.py', 'venv/lib/python3.12/site-packages/pygments/lexers/urbi.py', 'venv/lib/python3.12/site-packages/pygments/lexers/email.py', 'venv/lib/python3.12/site-packages/pygments/lexers/whiley.py', 'venv/lib/python3.12/site-packages/pygments/lexers/felix.py', 'venv/lib/python3.12/site-packages/pygments/lexers/berry.py', 'venv/lib/python3.12/site-packages/pygments/lexers/asc.py', 'venv/lib/python3.12/site-packages/pygments/lexers/csound.py', 'venv/lib/python3.12/site-packages/pygments/lexers/text.py', 'venv/lib/python3.12/site-packages/pygments/styles/zenburn.py', 'venv/lib/python3.12/site-packages/pygments/lexers/prql.py', 'venv/lib/python3.12/site-packages/pygments/lexers/trafficscript.py', 'venv/lib/python3.12/site-packages/pygments/lexers/boa.py', 'venv/lib/python3.12/site-packages/pygments/lexers/graph.py', 'venv/lib/python3.12/site-packages/pygments/styles/paraiso_dark.py', 'venv/lib/python3.12/site-packages/pygments/lexers/carbon.py', 'venv/lib/python3.12/site-packages/pygments/lexers/yang.py', 'venv/lib/python3.12/site-packages/pygments/lexers/wgsl.py', 'venv/lib/python3.12/site-packages/pygments/lexers/elm.py', 'venv/lib/python3.12/site-packages/pygments/lexers/ldap.py', 'venv/lib/python3.12/site-packages/pygments/lexers/rell.py', 'venv/lib/python3.12/site-packages/pygments/lexers/capnproto.py', 'venv/lib/python3.12/site-packages/pygments/lexers/usd.py', 'venv/lib/python3.12/site-packages/pygments/lexers/rego.py', 'venv/lib/python3.12/site-packages/pygments/lexers/ampl.py', 'venv/lib/python3.12/site-packages/pygments/lexers/pony.py', 'venv/lib/python3.12/site-packages/pygments/lexers/slash.py', 'venv/lib/python3.12/site-packages/pygments/lexers/sieve.py', 'venv/lib/python3.12/site-packages/pygments/lexers/_sql_builtins.py', 'venv/lib/python3.12/site-packages/pygments/styles/solarized.py', 'venv/lib/python3.12/site-packages/pygments/lexers/bare.py', 'venv/lib/python3.12/site-packages/pygments/lexers/typoscript.py', 'venv/lib/python3.12/site-packages/pygments/styles/gruvbox.py'. Reloading...
INFO:     Shutting down
INFO:     Waiting for application shutdown.
INFO:     Application shutdown complete.
INFO:     Finished server process [21571]
2026-05-20 19:50:31,309 INFO 45 changes detected
WARNING:  WatchFiles detected changes in 'venv/lib/python3.12/site-packages/pygments/styles/arduino.py', 'venv/lib/python3.12/site-packages/pygments/styles/__init__.py', 'venv/lib/python3.12/site-packages/pygments/styles/stata_light.py', 'venv/lib/python3.12/site-packages/pygments/styles/manni.py', 'venv/lib/python3.12/site-packages/pygments/styles/stata_dark.py', 'venv/lib/python3.12/site-packages/pygments/styles/lilypond.py', 'venv/lib/python3.12/site-packages/pygments/styles/rrt.py', 'venv/lib/python3.12/site-packages/pygments/styles/algol_nu.py', 'venv/lib/python3.12/site-packages/pygments/styles/paraiso_light.py', 'venv/lib/python3.12/site-packages/pygments/styles/xcode.py', 'venv/lib/python3.12/site-packages/pygments/styles/gh_dark.py', 'venv/lib/python3.12/site-packages/pygments/styles/native.py', 'venv/lib/python3.12/site-packages/httpx/_transports/base.py', 'venv/lib/python3.12/site-packages/pygments/styles/monokai.py', 'venv/lib/python3.12/site-packages/httpx/_transports/__init__.py', 'venv/lib/python3.12/site-packages/pygments/styles/inkpot.py', 'venv/lib/python3.12/site-packages/pygments/styles/onedark.py', 'venv/lib/python3.12/site-packages/pygments/styles/friendly_grayscale.py', 'venv/lib/python3.12/site-packages/pygments/styles/vim.py', 'venv/lib/python3.12/site-packages/pygments/styles/nord.py', 'venv/lib/python3.12/site-packages/httpx/_transports/mock.py', 'venv/lib/python3.12/site-packages/pygments/styles/dracula.py', 'venv/lib/python3.12/site-packages/pygments/styles/trac.py', 'venv/lib/python3.12/site-packages/pygments/styles/perldoc.py', 'venv/lib/python3.12/site-packages/pygments/styles/borland.py', 'venv/lib/python3.12/site-packages/pygments/styles/staroffice.py', 'venv/lib/python3.12/site-packages/httpx/_transports/wsgi.py', 'venv/lib/python3.12/site-packages/pygments/styles/emacs.py', 'venv/lib/python3.12/site-packages/pygments/styles/sas.py', 'venv/lib/python3.12/site-packages/httpx/_transports/asgi.py', 'venv/lib/python3.12/site-packages/pygments/styles/pastie.py', 'venv/lib/python3.12/site-packages/pygments/styles/lightbulb.py', 'venv/lib/python3.12/site-packages/pygments/styles/vs.py', 'venv/lib/python3.12/site-packages/pygments/styles/murphy.py', 'venv/lib/python3.12/site-packages/pygments/styles/algol.py', 'venv/lib/python3.12/site-packages/pygments/styles/default.py', 'venv/lib/python3.12/site-packages/pygments/styles/igor.py', 'venv/lib/python3.12/site-packages/pygments/styles/fruity.py'. Reloading...
INFO:     Started server process [21574]
INFO:     Waiting for application startup.
2026-05-20 19:50:32,150 INFO DB 초기화 완료
INFO:     Application startup complete.
2026-05-20 19:50:32,377 INFO 1 change detected
2026-05-20 19:50:33,671 INFO 15 changes detected
WARNING:  WatchFiles detected changes in 'venv/lib/python3.12/site-packages/urllib3/util/ssltransport.py', 'venv/lib/python3.12/site-packages/urllib3/util/retry.py', 'venv/lib/python3.12/site-packages/urllib3/util/proxy.py', 'venv/lib/python3.12/site-packages/urllib3/util/__init__.py', 'venv/lib/python3.12/site-packages/urllib3/http2/__init__.py', 'venv/lib/python3.12/site-packages/urllib3/util/connection.py', 'venv/lib/python3.12/site-packages/urllib3/util/response.py', 'venv/lib/python3.12/site-packages/urllib3/util/wait.py', 'venv/lib/python3.12/site-packages/urllib3/util/util.py', 'venv/lib/python3.12/site-packages/urllib3/http2/probe.py', 'venv/lib/python3.12/site-packages/urllib3/util/request.py', 'venv/lib/python3.12/site-packages/urllib3/util/ssl_match_hostname.py'. Reloading...
INFO:     Shutting down
INFO:     Waiting for application shutdown.
INFO:     Application shutdown complete.
INFO:     Finished server process [21574]
INFO:     Started server process [21577]
INFO:     Waiting for application startup.
2026-05-20 19:50:34,663 INFO DB 초기화 완료
INFO:     Application startup complete.
2026-05-20 19:50:35,001 INFO 16 changes detected
WARNING:  WatchFiles detected changes in 'venv/lib/python3.12/site-packages/rich/_unicode_data/unicode6-2-0.py', 'venv/lib/python3.12/site-packages/rich/_unicode_data/unicode4-1-0.py', 'venv/lib/python3.12/site-packages/rich/_unicode_data/unicode12-0-0.py', 'venv/lib/python3.12/site-packages/urllib3/contrib/socks.py', 'venv/lib/python3.12/site-packages/rich/_unicode_data/unicode17-0-0.py', 'venv/lib/python3.12/site-packages/rich/_unicode_data/unicode13-0-0.py', 'venv/lib/python3.12/site-packages/rich/_unicode_data/unicode10-0-0.py', 'venv/lib/python3.12/site-packages/rich/_unicode_data/unicode5-0-0.py', 'venv/lib/python3.12/site-packages/rich/_unicode_data/unicode15-0-0.py', 'venv/lib/python3.12/site-packages/rich/_unicode_data/unicode7-0-0.py'. Reloading...
INFO:     Shutting down
INFO:     Waiting for application shutdown.
INFO:     Application shutdown complete.
INFO:     Finished server process [21577]
INFO:     Started server process [21578]
INFO:     Waiting for application startup.
2026-05-20 19:50:36,021 INFO DB 초기화 완료
INFO:     Application startup complete.
2026-05-20 19:50:36,143 INFO 1 change detected
WARNING:  WatchFiles detected changes in 'venv/lib/python3.12/site-packages/rich/_unicode_data/unicode5-1-0.py'. Reloading...
INFO:     Shutting down
INFO:     Waiting for application shutdown.
INFO:     Application shutdown complete.
INFO:     Finished server process [21578]
INFO:     Started server process [21582]
INFO:     Waiting for application startup.
2026-05-20 19:50:37,148 INFO DB 초기화 완료
INFO:     Application startup complete.
2026-05-20 19:50:38,146 INFO 16 changes detected
WARNING:  WatchFiles detected changes in 'venv/lib/python3.12/site-packages/rich/_unicode_data/unicode12-1-0.py', 'venv/lib/python3.12/site-packages/rich/_unicode_data/unicode9-0-0.py', 'venv/lib/python3.12/site-packages/rich/_unicode_data/_versions.py', 'venv/lib/python3.12/site-packages/rich/_unicode_data/__init__.py'. Reloading...
INFO:     Shutting down
INFO:     Waiting for application shutdown.
INFO:     Application shutdown complete.
INFO:     Finished server process [21582]
2026-05-20 19:50:38,641 INFO 64 changes detected
WARNING:  WatchFiles detected changes in 'venv/lib/python3.12/site-packages/sqlalchemy/sql/default_comparator.py', 'venv/lib/python3.12/site-packages/sqlalchemy/sql/roles.py', 'venv/lib/python3.12/site-packages/sqlalchemy/sql/naming.py', 'venv/lib/python3.12/site-packages/sqlalchemy/sql/__init__.py', 'venv/lib/python3.12/site-packages/sqlalchemy/sql/_dml_constructors.py', 'venv/lib/python3.12/site-packages/sqlalchemy/cyextension/__init__.py', 'venv/lib/python3.12/site-packages/sqlalchemy/sql/annotation.py', 'venv/lib/python3.12/site-packages/sqlalchemy/sql/_orm_types.py', 'venv/lib/python3.12/site-packages/sqlalchemy/sql/_selectable_constructors.py', 'venv/lib/python3.12/site-packages/sqlalchemy/sql/_py_util.py', 'venv/lib/python3.12/site-packages/sqlalchemy/sql/expression.py'. Reloading...
2026-05-20 19:50:39,009 INFO 16 changes detected
WARNING:  WatchFiles detected changes in 'venv/lib/python3.12/site-packages/sqlalchemy/testing/warnings.py', 'venv/lib/python3.12/site-packages/sqlalchemy/testing/config.py', 'venv/lib/python3.12/site-packages/sqlalchemy/testing/pickleable.py', 'venv/lib/python3.12/site-packages/sqlalchemy/testing/assertions.py', 'venv/lib/python3.12/site-packages/sqlalchemy/testing/asyncio.py', 'venv/lib/python3.12/site-packages/sqlalchemy/dialects/__init__.py', 'venv/lib/python3.12/site-packages/sqlalchemy/testing/assertsql.py', 'venv/lib/python3.12/site-packages/sqlalchemy/dialects/_typing.py', 'venv/lib/python3.12/site-packages/sqlalchemy/testing/util.py'. Reloading...
2026-05-20 19:50:39,376 INFO 22 changes detected
WARNING:  WatchFiles detected changes in 'venv/lib/python3.12/site-packages/sqlalchemy/orm/__init__.py', 'venv/lib/python3.12/site-packages/sqlalchemy/event/__init__.py', 'venv/lib/python3.12/site-packages/sqlalchemy/engine/url.py', 'venv/lib/python3.12/site-packages/sqlalchemy/orm/state_changes.py', 'venv/lib/python3.12/site-packages/sqlalchemy/engine/row.py', 'venv/lib/python3.12/site-packages/sqlalchemy/orm/_typing.py', 'venv/lib/python3.12/site-packages/sqlalchemy/event/api.py', 'venv/lib/python3.12/site-packages/sqlalchemy/connectors/aioodbc.py', 'venv/lib/python3.12/site-packages/sqlalchemy/event/registry.py', 'venv/lib/python3.12/site-packages/sqlalchemy/orm/instrumentation.py', 'venv/lib/python3.12/site-packages/sqlalchemy/orm/unitofwork.py', 'venv/lib/python3.12/site-packages/sqlalchemy/orm/identity.py', 'venv/lib/python3.12/site-packages/sqlalchemy/engine/processors.py', 'venv/lib/python3.12/site-packages/sqlalchemy/orm/base.py', 'venv/lib/python3.12/site-packages/sqlalchemy/engine/_py_processors.py', 'venv/lib/python3.12/site-packages/sqlalchemy/pool/impl.py', 'venv/lib/python3.12/site-packages/sqlalchemy/engine/mock.py', 'venv/lib/python3.12/site-packages/sqlalchemy/orm/evaluator.py', 'venv/lib/python3.12/site-packages/sqlalchemy/future/engine.py', 'venv/lib/python3.12/site-packages/sqlalchemy/connectors/pyodbc.py', 'venv/lib/python3.12/site-packages/sqlalchemy/orm/writeonly.py', 'venv/lib/python3.12/site-packages/sqlalchemy/orm/sync.py'. Reloading...
2026-05-20 19:50:39,740 INFO 16 changes detected
2026-05-20 19:50:40,103 INFO 48 changes detected
WARNING:  WatchFiles detected changes in 'venv/lib/python3.12/site-packages/sqlalchemy/util/concurrency.py', 'venv/lib/python3.12/site-packages/sqlalchemy/engine/__init__.py', 'venv/lib/python3.12/site-packages/google/oauth2/_id_token_async.py', 'venv/lib/python3.12/site-packages/google/genai/_extra_utils.py', 'venv/lib/python3.12/site-packages/sqlalchemy/engine/_py_util.py', 'venv/lib/python3.12/site-packages/google/genai/operations.py', 'venv/lib/python3.12/site-packages/sqlalchemy/ext/indexable.py', 'venv/lib/python3.12/site-packages/sqlalchemy/ext/__init__.py', 'venv/lib/python3.12/site-packages/sqlalchemy/ext/baked.py', 'venv/lib/python3.12/site-packages/sqlalchemy/ext/instrumentation.py', 'venv/lib/python3.12/site-packages/google/oauth2/id_token.py', 'venv/lib/python3.12/site-packages/google/oauth2/credentials.py', 'venv/lib/python3.12/site-packages/google/oauth2/sts.py', 'venv/lib/python3.12/site-packages/sqlalchemy/util/_has_cy.py', 'venv/lib/python3.12/site-packages/google/oauth2/webauthn_handler_factory.py', 'venv/lib/python3.12/site-packages/sqlalchemy/ext/horizontal_shard.py', 'venv/lib/python3.12/site-packages/sqlalchemy/util/_py_collections.py', 'venv/lib/python3.12/site-packages/sqlalchemy/util/_concurrency_py3k.py', 'venv/lib/python3.12/site-packages/sqlalchemy/util/compat.py', 'venv/lib/python3.12/site-packages/sqlalchemy/util/_collections.py', 'venv/lib/python3.12/site-packages/sqlalchemy/util/typing.py', 'venv/lib/python3.12/site-packages/google/genai/_live_converters.py', 'venv/lib/python3.12/site-packages/google/oauth2/gdch_credentials.py', 'venv/lib/python3.12/site-packages/sqlalchemy/util/tool_support.py', 'venv/lib/python3.12/site-packages/sqlalchemy/ext/compiler.py', 'venv/lib/python3.12/site-packages/google/oauth2/challenges.py', 'venv/lib/python3.12/site-packages/sqlalchemy/util/deprecations.py', 'venv/lib/python3.12/site-packages/google/oauth2/_credentials_async.py', 'venv/lib/python3.12/site-packages/google/genai/file_search_stores.py', 'venv/lib/python3.12/site-packages/sqlalchemy/ext/serializer.py', 'venv/lib/python3.12/site-packages/google/oauth2/webauthn_handler.py', 'venv/lib/python3.12/site-packages/google/genai/errors.py', 'venv/lib/python3.12/site-packages/google/oauth2/_client.py', 'venv/lib/python3.12/site-packages/sqlalchemy/engine/strategies.py', 'venv/lib/python3.12/site-packages/google/oauth2/_service_account_async.py', 'venv/lib/python3.12/site-packages/google/genai/_transformers.py', 'venv/lib/python3.12/site-packages/google/oauth2/utils.py', 'venv/lib/python3.12/site-packages/sqlalchemy/engine/characteristics.py', 'venv/lib/python3.12/site-packages/google/oauth2/__init__.py', 'venv/lib/python3.12/site-packages/sqlalchemy/util/preloaded.py', 'venv/lib/python3.12/site-packages/google/oauth2/webauthn_types.py', 'venv/lib/python3.12/site-packages/sqlalchemy/ext/orderinglist.py', 'venv/lib/python3.12/site-packages/sqlalchemy/util/topological.py', 'venv/lib/python3.12/site-packages/google/oauth2/_reauth_async.py', 'venv/lib/python3.12/site-packages/google/oauth2/_client_async.py', 'venv/lib/python3.12/site-packages/sqlalchemy/util/queue.py', 'venv/lib/python3.12/site-packages/sqlalchemy/util/__init__.py'. Reloading...
2026-05-20 19:50:40,468 INFO 12 changes detected
WARNING:  WatchFiles detected changes in 'venv/lib/python3.12/site-packages/google/auth/_credentials_base.py', 'venv/lib/python3.12/site-packages/dns/rdtypes/dnskeybase.py', 'venv/lib/python3.12/site-packages/google/auth/_default.py', 'venv/lib/python3.12/site-packages/dns/rdtypes/util.py', 'venv/lib/python3.12/site-packages/shellingham/posix/__init__.py', 'venv/lib/python3.12/site-packages/google/auth/_refresh_worker.py', 'venv/lib/python3.12/site-packages/google/auth/external_account_authorized_user.py', 'venv/lib/python3.12/site-packages/google/genai/_mcp_utils.py', 'venv/lib/python3.12/site-packages/dns/rdtypes/mxbase.py'. Reloading...
2026-05-20 19:50:40,838 INFO 4 changes detected
INFO:     Started server process [21599]
INFO:     Waiting for application startup.
2026-05-20 19:50:41,247 INFO DB 초기화 완료
INFO:     Application startup complete.
2026-05-20 19:50:42,812 INFO 6 changes detected
2026-05-20 19:50:46,114 INFO 19 changes detected
WARNING:  WatchFiles detected changes in 'venv/lib/python3.12/site-packages/groq/_utils/_streams.py', 'venv/lib/python3.12/site-packages/bs4/tests/test_docs.py', 'venv/lib/python3.12/site-packages/groq/types/file_create_params.py', 'venv/lib/python3.12/site-packages/groq/_utils/__init__.py', 'venv/lib/python3.12/site-packages/dns/dnssecalgs/rsa.py', 'venv/lib/python3.12/site-packages/groq/types/batch_retrieve_response.py', 'venv/lib/python3.12/site-packages/dns/dnssecalgs/cryptography.py'. Reloading...
INFO:     Shutting down
INFO:     Waiting for application shutdown.
INFO:     Application shutdown complete.
INFO:     Finished server process [21599]
INFO:     Started server process [21607]
INFO:     Waiting for application startup.
2026-05-20 19:50:47,173 INFO DB 초기화 완료
INFO:     Application startup complete.
2026-05-20 19:50:48,000 INFO 16 changes detected
2026-05-20 19:50:48,581 INFO 32 changes detected
WARNING:  WatchFiles detected changes in 'venv/lib/python3.12/site-packages/lxml/includes/libxslt/__init__.py', 'venv/lib/python3.12/site-packages/lxml/includes/libxml/__init__.py'. Reloading...
INFO:     Shutting down
INFO:     Waiting for application shutdown.
INFO:     Application shutdown complete.
INFO:     Finished server process [21607]
2026-05-20 19:50:49,058 INFO 5 changes detected
INFO:     Started server process [21611]
INFO:     Waiting for application startup.
2026-05-20 19:50:49,513 INFO DB 초기화 완료
INFO:     Application startup complete.
2026-05-20 19:50:52,267 INFO 32 changes detected
WARNING:  WatchFiles detected changes in 'venv/lib/python3.12/site-packages/lxml/includes/libexslt/__init__.py', 'venv/lib/python3.12/site-packages/lxml/includes/extlibs/__init__.py'. Reloading...
INFO:     Shutting down
INFO:     Waiting for application shutdown.
INFO:     Application shutdown complete.
INFO:     Finished server process [21611]
2026-05-20 19:50:52,827 INFO 65 changes detected
WARNING:  WatchFiles detected changes in 'venv/lib/python3.12/site-packages/cryptography/hazmat/asn1/__init__.py', 'venv/lib/python3.12/site-packages/cryptography/hazmat/backends/__init__.py', 'venv/lib/python3.12/site-packages/cryptography/hazmat/asn1/asn1.py', 'venv/lib/python3.12/site-packages/cryptography/hazmat/bindings/__init__.py', 'venv/lib/python3.12/site-packages/cryptography/hazmat/primitives/hashes.py', 'venv/lib/python3.12/site-packages/cryptography/hazmat/primitives/hpke.py', 'venv/lib/python3.12/site-packages/cryptography/hazmat/primitives/poly1305.py', 'venv/lib/python3.12/site-packages/cryptography/hazmat/primitives/_modes.py', 'venv/lib/python3.12/site-packages/cryptography/hazmat/primitives/_serialization.py', 'venv/lib/python3.12/site-packages/cryptography/hazmat/primitives/_cipheralgorithm.py', 'venv/lib/python3.12/site-packages/cryptography/hazmat/primitives/__init__.py', 'venv/lib/python3.12/site-packages/cryptography/hazmat/primitives/cmac.py', 'venv/lib/python3.12/site-packages/cryptography/hazmat/primitives/padding.py', 'venv/lib/python3.12/site-packages/cryptography/hazmat/primitives/hmac.py', 'venv/lib/python3.12/site-packages/cryptography/hazmat/primitives/_asymmetric.py', 'venv/lib/python3.12/site-packages/cryptography/hazmat/primitives/keywrap.py', 'venv/lib/python3.12/site-packages/cryptography/hazmat/primitives/constant_time.py'. Reloading...
2026-05-20 19:50:53,248 INFO 31 changes detected
WARNING:  WatchFiles detected changes in 'venv/lib/python3.12/site-packages/uvicorn/protocols/http/auto.py', 'venv/lib/python3.12/site-packages/uvicorn/protocols/websockets/wsproto_impl.py', 'venv/lib/python3.12/site-packages/uvicorn/protocols/http/h11_impl.py', 'venv/lib/python3.12/site-packages/uvicorn/protocols/http/__init__.py', 'venv/lib/python3.12/site-packages/uvicorn/protocols/http/flow_control.py'. Reloading...
2026-05-20 19:50:53,670 INFO 19 changes detected
2026-05-20 19:50:54,030 INFO 11 changes detected
INFO:     Started server process [21768]
INFO:     Waiting for application startup.
2026-05-20 19:50:54,067 INFO DB 초기화 완료
INFO:     Application startup complete.
2026-05-20 19:50:56,042 INFO 2 changes detected
INFO:     Shutting down
INFO:     Waiting for application shutdown.
INFO:     Application shutdown complete.
INFO:     Finished server process [21768]
INFO:     Stopping reloader process [19374]
